Workbook

Sheet CRFDraft
A1: DraftName | B1: DeleteExisting | C1: ProjectName | D1: ProjectType | E1: PrimaryFormOID | F1: DefaultMatrixOID | G1: ConfirmationMessage | H1: SignaturePrompt | I1: LabStandardGroup | J1: ReferenceLabs | K1: AlertLabs | L1: SyncOIDProject | M1: SyncOIDDraft | N1: SyncOIDProjectType | O1: SyncOIDOriginIsVersion | P1: SourceUrlId
A2: D8318N00001_V1.0_17Oct2025 | B2: FALSE | C2: D8318N00001 | D2: Project | E2: SC | F2: DEFAULT | G2: Form Saved. | H2: I certify that I have reviewed all data marked by this electronic signature and verify that the information is complete, accurate and consistent with the subject's source data records. | N2: Project | O2: FALSE | P2: az-cn | GR2: =IF(LEN(Forms!$A2)>0,Forms!$A2,"") -> SC
GR3: =IF(LEN(Forms!$A3)>0,Forms!$A3,"") -> SV
GR4: =IF(LEN(Forms!$A4)>0,Forms!$A4,"") -> UNSCH
GR5: =IF(LEN(Forms!$A5)>0,Forms!$A5,"") -> DS1_IC
GR6: =IF(LEN(Forms!$A6)>0,Forms!$A6,"") -> DM
GR7: =IF(LEN(Forms!$A7)>0,Forms!$A7,"") -> MH
GR8: =IF(LEN(Forms!$A8)>0,Forms!$A8,"") -> CM1
GR9: =IF(LEN(Forms!$A9)>0,Forms!$A9,"") -> PR2
GR10: =IF(LEN(Forms!$A10)>0,Forms!$A10,"") -> SU
GR11: =IF(LEN(Forms!$A11)>0,Forms!$A11,"") -> PR1
GR12: =IF(LEN(Forms!$A12)>0,Forms!$A12,"") -> HEI
GR13: =IF(LEN(Forms!$A13)>0,Forms!$A13,"") -> WEI
GR14: =IF(LEN(Forms!$A14)>0,Forms!$A14,"") -> CV1
... GR124: =IF(LEN(Forms!$A124)>0,Forms!$A124,"")

Sheet Forms
A1: OID | B1: Ordinal | C1: DraftFormName | D1: DraftFormActive | E1: HelpText | F1: IsTemplate | G1: IsSignatureRequired | H1: IsEproForm | I1: ViewRestrictions | J1: EntryRestrictions | K1: LogDirection | L1: DDEOption | M1: ConfirmationStyle | N1: LinkFolderOID | O1: LinkFormOID | P1: DownloadedFromObjectId | Q1: SourceObjectId | R1: SourceUrlId
A2: SC | B2: 1 | C2: Participant Information | D2: TRUE | E2: https://az-cn.mdsol.com/MedidataRave/Help/Modules/Helpfile/D8318N00001_eCRF_Completion_Guidelines.pdf | F2: FALSE | G2: TRUE | H2: FALSE | J2: Site Monitor | L2: MustNotDDE | M2: NoLink | P2: 32521 | Q2: 0
A3: SV | B3: 2 | C3: Visit Date | D3: TRUE | E3: https://az-cn.mdsol.com/MedidataRave/Help/Modules/Helpfile/D8318N00001_eCRF_Completion_Guidelines.pdf | F3: FALSE | G3: TRUE | H3: FALSE | J3: Site Monitor | L3: MustNotDDE | M3: NoLink | P3: 32522 | Q3: 0
A4: UNSCH | B4: 3 | C4: Unscheduled Forms | D4: TRUE | E4: https://az-cn.mdsol.com/MedidataRave/Help/Modules/Helpfile/D8318N00001_eCRF_Completion_Guidelines.pdf | F4: FALSE | G4: TRUE | H4: FALSE | J4: Site Monitor | L4: MustNotDDE | M4: NoLink | P4: 32608 | Q4: 0
A5: DS1_IC | B5: 4 | C5: Informed Consent | D5: TRUE | E5: https://az-cn.mdsol.com/MedidataRave/Help/Modules/Helpfile/D8318N00001_eCRF_Completion_Guidelines.pdf | F5: FALSE | G5: TRUE | H5: FALSE | J5: Site Monitor | K5: Landscape | L5: MustNotDDE | M5: NoLink | P5: 32523 | Q5: 0
A6: DM | B6: 5 | C6: Demographics | D6: TRUE | E6: https://az-cn.mdsol.com/MedidataRave/Help/Modules/Helpfile/D8318N00001_eCRF_Completion_Guidelines.pdf | F6: FALSE | G6: TRUE | H6: FALSE | J6: Site Monitor | L6: MustNotDDE | M6: NoLink | P6: 32524 | Q6: 0
A7: MH | B7: 6 | C7: Medical History | D7: TRUE | E7: https://az-cn.mdsol.com/MedidataRave/Help/Modules/Helpfile/D8318N00001_eCRF_Completion_Guidelines.pdf | F7: FALSE | G7: TRUE | H7: FALSE | J7: Site Monitor | K7: Landscape | L7: MustNotDDE | M7: NoLink | P7: 32525 | Q7: 0
A8: CM1 | B8: 7 | C8: IIM/SSc Medications Assessment | D8: TRUE | E8: https://az-cn.mdsol.com/MedidataRave/Help/Modules/Helpfile/D8318N00001_eCRF_Completion_Guidelines.pdf | F8: FALSE | G8: TRUE | H8: FALSE | J8: Site Monitor | K8: Landscape | L8: MustNotDDE | M8: NoLink | P8: 32622 | Q8: 0
A9: PR2 | B9: 8 | C9: IIM/SSc Procedures | D9: TRUE | E9: https://az-cn.mdsol.com/MedidataRave/Help/Modules/Helpfile/D8318N00001_eCRF_Completion_Guidelines.pdf | F9: FALSE | G9: TRUE | H9: FALSE | J9: Site Monitor | K9: Landscape | L9: MustNotDDE | M9: NoLink | P9: 32623 | Q9: 0
A10: SU | B10: 9 | C10: Allergy History | D10: TRUE | E10: https://az-cn.mdsol.com/MedidataRave/Help/Modules/Helpfile/D8318N00001_eCRF_Completion_Guidelines.pdf | F10: FALSE | G10: TRUE | H10: FALSE | J10: Site Monitor | K10: Landscape | L10: MustNotDDE | M10: NoLink | P10: 32526 | Q10: 0
A11: PR1 | B11: 10 | C11: Surgical History | D11: TRUE | E11: https://az-cn.mdsol.com/MedidataRave/Help/Modules/Helpfile/D8318N00001_eCRF_Completion_Guidelines.pdf | F11: FALSE | G11: TRUE | H11: FALSE | J11: Site Monitor | K11: Landscape | L11: MustNotDDE | M11: NoLink | P11: 32527 | Q11: 0
A12: HEI | B12: 11 | C12: Height | D12: TRUE | E12: https://az-cn.mdsol.com/MedidataRave/Help/Modules/Helpfile/D8318N00001_eCRF_Completion_Guidelines.pdf | F12: FALSE | G12: TRUE | H12: FALSE | J12: Site Monitor | L12: MustNotDDE | M12: NoLink | P12: 32528 | Q12: 0
A13: WEI | B13: 12 | C13: Weight | D13: TRUE | E13: https://az-cn.mdsol.com/MedidataRave/Help/Modules/Helpfile/D8318N00001_eCRF_Completion_Guidelines.pdf | F13: FALSE | G13: TRUE | H13: FALSE | J13: Site Monitor | L13: MustNotDDE | M13: NoLink | P13: 32529 | Q13: 0
A14: CV1 | B14: 13 | C14: Chest X-ray | D14: TRUE | E14: https://az-cn.mdsol.com/MedidataRave/Help/Modules/Helpfile/D8318N00001_eCRF_Completion_Guidelines.pdf | F14: FALSE | G14: TRUE | H14: FALSE | J14: Site Monitor | L14: MustNotDDE | M14: NoLink | P14: 32530 | Q14: 0
A15: CV2 | B15: 14 | C15: Chest CT | D15: TRUE | E15: https://az-cn.mdsol.com/MedidataRave/Help/Modules/Helpfile/D8318N00001_eCRF_Completion_Guidelines.pdf | F15: FALSE | G15: TRUE | H15: FALSE | J15: Site Monitor | L15: MustNotDDE | M15: NoLink | P15: 32531 | Q15: 0
A16: CV4 | B16: 15 | C16: Chest HRCT | D16: TRUE | E16: https://az-cn.mdsol.com/MedidataRave/Help/Modules/Helpfile/D8318N00001_eCRF_Completion_Guidelines.pdf | F16: FALSE | G16: TRUE | H16: FALSE | J16: Site Monitor | L16: MustNotDDE | M16: NoLink | P16: 32532 | Q16: 0
A17: CV5 | B17: 16 | C17: Muscle MRI | D17: TRUE | E17: https://az-cn.mdsol.com/MedidataRave/Help/Modules/Helpfile/D8318N00001_eCRF_Completion_Guidelines.pdf | F17: FALSE | G17: TRUE | H17: FALSE | J17: Site Monitor | L17: MustNotDDE | M17: NoLink | P17: 32533 | Q17: 0
A18: CV3 | B18: 17 | C18: FAPI PET/CT | D18: TRUE | E18: https://az-cn.mdsol.com/MedidataRave/Help/Modules/Helpfile/D8318N00001_eCRF_Completion_Guidelines.pdf | F18: FALSE | G18: TRUE | H18: FALSE | J18: Site Monitor | L18: MustNotDDE | M18: NoLink | P18: 32534 | Q18: 0
A19: MK6 | B19: 18 | C19: Muscle biopsy pathology | D19: TRUE | E19: https://az-cn.mdsol.com/MedidataRave/Help/Modules/Helpfile/D8318N00001_eCRF_Completion_Guidelines.pdf | F19: FALSE | G19: TRUE | H19: FALSE | J19: Site Monitor | L19: MustNotDDE | M19: NoLink | P19: 32535 | Q19: 0
A20: MK7 | B20: 19 | C20: Skin biopsy pathology | D20: TRUE | E20: https://az-cn.mdsol.com/MedidataRave/Help/Modules/Helpfile/D8318N00001_eCRF_Completion_Guidelines.pdf | F20: FALSE | G20: TRUE | H20: FALSE | J20: Site Monitor | L20: MustNotDDE | M20: NoLink | P20: 32536 | Q20: 0
A21: EG1 | B21: 20 | C21: Electrocardiogram | D21: TRUE | E21: https://az-cn.mdsol.com/MedidataRave/Help/Modules/Helpfile/D8318N00001_eCRF_Completion_Guidelines.pdf | F21: FALSE | G21: TRUE | H21: FALSE | J21: Site Monitor | L21: MustNotDDE | M21: NoLink | P21: 32537 | Q21: 0
A22: ECHO | B22: 21 | C22: Echocardiogram | D22: TRUE | E22: https://az-cn.mdsol.com/MedidataRave/Help/Modules/Helpfile/D8318N00001_eCRF_Completion_Guidelines.pdf | F22: FALSE | G22: TRUE | H22: FALSE | J22: Site Monitor | L22: MustNotDDE | M22: NoLink | P22: 32538 | Q22: 0
A23: SR | B23: 22 | C23: Ultrasound elastography of skin | D23: TRUE | E23: https://az-cn.mdsol.com/MedidataRave/Help/Modules/Helpfile/D8318N00001_eCRF_Completion_Guidelines.pdf | F23: FALSE | G23: TRUE | H23: FALSE | J23: Site Monitor | L23: MustNotDDE | M23: NoLink | P23: 32539 | Q23: 0
... A25: VS1 | B25: 24 | C25: Vital Signs-1 | D25: TRUE | E25: https://az-cn.mdsol.com/MedidataRave/Help/Modules/Helpfile/D8318N00001_eCRF_Completion_Guidelines.pdf | F25: FALSE | G25: TRUE | H25: FALSE | J25: Site Monitor | L25: MustNotDDE | M25: NoLink | P25: 32541 | Q25: 0
A26: VS2 | B26: 25 | C26: Vital Signs-2 | D26: TRUE | E26: https://az-cn.mdsol.com/MedidataRave/Help/Modules/Helpfile/D8318N00001_eCRF_Completion_Guidelines.pdf | F26: FALSE | G26: TRUE | H26: FALSE | J26: Site Monitor | K26: Landscape | L26: MustNotDDE | M26: NoLink | P26: 32542 | Q26: 0
A27: PE | B27: 26 | C27: Physical Examination | D27: TRUE | E27: https://az-cn.mdsol.com/MedidataRave/Help/Modules/Helpfile/D8318N00001_eCRF_Completion_Guidelines.pdf | F27: FALSE | G27: TRUE | H27: FALSE | J27: Site Monitor | K27: Landscape | L27: MustNotDDE | M27: NoLink | P27: 32543 | Q27: 0
A28: RE | B28: 27 | C28: Pulmonary function tests | D28: TRUE | E28: https://az-cn.mdsol.com/MedidataRave/Help/Modules/Helpfile/D8318N00001_eCRF_Completion_Guidelines.pdf | F28: FALSE | G28: TRUE | H28: FALSE | J28: Site Monitor | K28: Landscape | L28: MustNotDDE | M28: NoLink | P28: 32544 | Q28: 0
A29: LB8_RP | B29: 28 | C29: Pregnancy Test | D29: TRUE | E29: https://az-cn.mdsol.com/MedidataRave/Help/Modules/Helpfile/D8318N00001_eCRF_Completion_Guidelines.pdf | F29: FALSE | G29: TRUE | H29: FALSE | J29: Site Monitor | L29: MustNotDDE | M29: NoLink | P29: 32545 | Q29: 0
A30: LB9_PAT | B30: 29 | C30: IIM Pathogenic antibodies | D30: TRUE | E30: https://az-cn.mdsol.com/MedidataRave/Help/Modules/Helpfile/D8318N00001_eCRF_Completion_Guidelines.pdf | F30: FALSE | G30: TRUE | H30: FALSE | J30: Site Monitor | L30: MustNotDDE | M30: NoLink | P30: 32546 | Q30: 0
A31: LB13_VAC | B31: 30 | C31: Vaccine Antibody Test | D31: TRUE | E31: https://az-cn.mdsol.com/MedidataRave/Help/Modules/Helpfile/D8318N00001_eCRF_Completion_Guidelines.pdf | F31: FALSE | G31: TRUE | H31: FALSE | J31: Site Monitor | L31: MustNotDDE | M31: NoLink | P31: 32547 | Q31: 0
A32: LB14_SER | B32: 31 | C32: Serum SSc-specific autoantibodies | D32: TRUE | E32: https://az-cn.mdsol.com/MedidataRave/Help/Modules/Helpfile/D8318N00001_eCRF_Completion_Guidelines.pdf | F32: FALSE | G32: TRUE | H32: FALSE | J32: Site Monitor | L32: MustNotDDE | M32: NoLink | P32: 32548 | Q32: 0
A33: LB19_SYP | B33: 32 | C33: Syphilis screening | D33: TRUE | E33: https://az-cn.mdsol.com/MedidataRave/Help/Modules/Helpfile/D8318N00001_eCRF_Completion_Guidelines.pdf | F33: FALSE | G33: TRUE | H33: FALSE | J33: Site Monitor | L33: MustNotDDE | M33: NoLink | P33: 32618 | Q33: 0
A34: LB16_VIR | B34: 33 | C34: Viral markers | D34: TRUE | E34: https://az-cn.mdsol.com/MedidataRave/Help/Modules/Helpfile/D8318N00001_eCRF_Completion_Guidelines.pdf | F34: FALSE | G34: TRUE | H34: FALSE | J34: Site Monitor | K34: Landscape | L34: MustNotDDE | M34: NoLink | P34: 32615 | Q34: 0
A35: LB17_HCV | B35: 34 | C35: HCV-RNA | D35: TRUE | E35: https://az-cn.mdsol.com/MedidataRave/Help/Modules/Helpfile/D8318N00001_eCRF_Completion_Guidelines.pdf | F35: FALSE | G35: TRUE | H35: FALSE | J35: Site Monitor | L35: MustNotDDE | M35: NoLink | P35: 32616 | Q35: 0
A36: LB18_HBV | B36: 35 | C36: HBV-DNA | D36: TRUE | E36: https://az-cn.mdsol.com/MedidataRave/Help/Modules/Helpfile/D8318N00001_eCRF_Completion_Guidelines.pdf | F36: FALSE | G36: TRUE | H36: FALSE | J36: Site Monitor | L36: MustNotDDE | M36: NoLink | P36: 32617 | Q36: 0
A37: LB10_ESR | B37: 36 | C37: ESR | D37: TRUE | E37: https://az-cn.mdsol.com/MedidataRave/Help/Modules/Helpfile/D8318N00001_eCRF_Completion_Guidelines.pdf | F37: FALSE | G37: TRUE | H37: FALSE | J37: Site Monitor | L37: MustNotDDE | M37: NoLink | P37: 32553 | Q37: 0
A38: LB11_HC | B38: 37 | C38: High-sensitivity C-reactive protein | D38: TRUE | E38: https://az-cn.mdsol.com/MedidataRave/Help/Modules/Helpfile/D8318N00001_eCRF_Completion_Guidelines.pdf | F38: FALSE | G38: TRUE | H38: FALSE | J38: Site Monitor | L38: MustNotDDE | M38: NoLink | P38: 32554 | Q38: 0
A39: LB12_TUB | B39: 38 | C39: Tuberculosis screening | D39: TRUE | E39: https://az-cn.mdsol.com/MedidataRave/Help/Modules/Helpfile/D8318N00001_eCRF_Completion_Guidelines.pdf | F39: FALSE | G39: TRUE | H39: FALSE | J39: Site Monitor | L39: MustNotDDE | M39: NoLink | P39: 32555 | Q39: 0
A40: LB1_HEM | B40: 39 | C40: Hematology | D40: TRUE | E40: https://az-cn.mdsol.com/MedidataRave/Help/Modules/Helpfile/D8318N00001_eCRF_Completion_Guidelines.pdf | F40: FALSE | G40: TRUE | H40: FALSE | J40: Site Monitor | L40: MustNotDDE | M40: NoLink | P40: 32556 | Q40: 0
A41: LB2_BLO | B41: 40 | C41: Blood chemistry | D41: TRUE | E41: https://az-cn.mdsol.com/MedidataRave/Help/Modules/Helpfile/D8318N00001_eCRF_Completion_Guidelines.pdf | F41: FALSE | G41: TRUE | H41: FALSE | J41: Site Monitor | L41: MustNotDDE | M41: NoLink | P41: 32557 | Q41: 0
A42: LB3_COA | B42: 41 | C42: Coagulation Function | D42: TRUE | E42: https://az-cn.mdsol.com/MedidataRave/Help/Modules/Helpfile/D8318N00001_eCRF_Completion_Guidelines.pdf | F42: FALSE | G42: TRUE | H42: FALSE | J42: Site Monitor | L42: MustNotDDE | M42: NoLink | P42: 32558 | Q42: 0
A43: LB15_MUE | B43: 42 | C43: Muscle enzymes | D43: TRUE | E43: https://az-cn.mdsol.com/MedidataRave/Help/Modules/Helpfile/D8318N00001_eCRF_Completion_Guidelines.pdf | F43: FALSE | G43: TRUE | H43: FALSE | J43: Site Monitor | L43: MustNotDDE | M43: NoLink | P43: 32559 | Q43: 0
A44: LB4_FE | B44: 43 | C44: Ferritin | D44: TRUE | E44: https://az-cn.mdsol.com/MedidataRave/Help/Modules/Helpfile/D8318N00001_eCRF_Completion_Guidelines.pdf | F44: FALSE | G44: TRUE | H44: FALSE | J44: Site Monitor | L44: MustNotDDE | M44: NoLink | P44: 32560 | Q44: 0
A45: LB5_SER1 | B45: 44 | C45: Serum immunoglobulin | D45: TRUE | E45: https://az-cn.mdsol.com/MedidataRave/Help/Modules/Helpfile/D8318N00001_eCRF_Completion_Guidelines.pdf | F45: FALSE | G45: TRUE | H45: FALSE | J45: Site Monitor | L45: MustNotDDE | M45: NoLink | P45: 32561 | Q45: 0
A46: LB6_SER2 | B46: 45 | C46: Serum cytokines | D46: TRUE | E46: https://az-cn.mdsol.com/MedidataRave/Help/Modules/Helpfile/D8318N00001_eCRF_Completion_Guidelines.pdf | F46: FALSE | G46: TRUE | H46: FALSE | J46: Site Monitor | L46: MustNotDDE | M46: NoLink | P46: 32562 | Q46: 0
A47: LB7_PER | B47: 46 | C47: Peripheral blood lymphocyte subsets | D47: TRUE | E47: https://az-cn.mdsol.com/MedidataRave/Help/Modules/Helpfile/D8318N00001_eCRF_Completion_Guidelines.pdf | F47: FALSE | G47: TRUE | H47: FALSE | J47: Site Monitor | L47: MustNotDDE | M47: NoLink | P47: 32563 | Q47: 0
A48: FA | B48: 47 | C48: Other Test | D48: TRUE | E48: https://az-cn.mdsol.com/MedidataRave/Help/Modules/Helpfile/D8318N00001_eCRF_Completion_Guidelines.pdf | F48: FALSE | G48: TRUE | H48: FALSE | J48: Site Monitor | K48: Landscape | L48: MustNotDDE | M48: NoLink | P48: 32564 | Q48: 0
A49: GF1 | B49: 48 | C49: Sequencing Testing | D49: TRUE | E49: https://az-cn.mdsol.com/MedidataRave/Help/Modules/Helpfile/D8318N00001_eCRF_Completion_Guidelines.pdf | F49: FALSE | G49: TRUE | H49: FALSE | J49: Site Monitor | L49: MustNotDDE | M49: NoLink | P49: 32565 | Q49: 0
A50: GF2 | B50: 49 | C50: GC012F CAR gene copy number in peripheral blood | D50: TRUE | E50: https://az-cn.mdsol.com/MedidataRave/Help/Modules/Helpfile/D8318N00001_eCRF_Completion_Guidelines.pdf | F50: FALSE | G50: TRUE | H50: FALSE | J50: Site Monitor | L50: MustNotDDE | M50: NoLink | P50: 32566 | Q50: 0
A51: CP16 | B51: 50 | C51: GC012F CAR-T cell count in peripheral blood | D51: TRUE | E51: https://az-cn.mdsol.com/MedidataRave/Help/Modules/Helpfile/D8318N00001_eCRF_Completion_Guidelines.pdf | F51: FALSE | G51: TRUE | H51: FALSE | J51: Site Monitor | L51: MustNotDDE | M51: NoLink | P51: 32567 | Q51: 0
A52: CP5 | B52: 51 | C52: Peripheral blood T cell typing | D52: TRUE | E52: https://az-cn.mdsol.com/MedidataRave/Help/Modules/Helpfile/D8318N00001_eCRF_Completion_Guidelines.pdf | F52: FALSE | G52: TRUE | H52: FALSE | J52: Site Monitor | L52: MustNotDDE | M52: NoLink | P52: 32568 | Q52: 0
A53: CP6 | B53: 52 | C53: Peripheral blood B cell-related tests | D53: TRUE | E53: https://az-cn.mdsol.com/MedidataRave/Help/Modules/Helpfile/D8318N00001_eCRF_Completion_Guidelines.pdf | F53: FALSE | G53: TRUE | H53: FALSE | J53: Site Monitor | L53: MustNotDDE | M53: NoLink | P53: 32569 | Q53: 0
A54: CP7 | B54: 53 | C54: Free BCMA in peripheral blood | D54: TRUE | E54: https://az-cn.mdsol.com/MedidataRave/Help/Modules/Helpfile/D8318N00001_eCRF_Completion_Guidelines.pdf | F54: FALSE | G54: TRUE | H54: FALSE | J54: Site Monitor | L54: MustNotDDE | M54: NoLink | P54: 32570 | Q54: 0
A55: CP8 | B55: 54 | C55: Cytokine APRIL | D55: TRUE | E55: https://az-cn.mdsol.com/MedidataRave/Help/Modules/Helpfile/D8318N00001_eCRF_Completion_Guidelines.pdf | F55: FALSE | G55: TRUE | H55: FALSE | J55: Site Monitor | L55: MustNotDDE | M55: NoLink | P55: 32571 | Q55: 0
A56: CP9 | B56: 55 | C56: Cytokine BAFF | D56: TRUE | E56: https://az-cn.mdsol.com/MedidataRave/Help/Modules/Helpfile/D8318N00001_eCRF_Completion_Guidelines.pdf | F56: FALSE | G56: TRUE | H56: FALSE | J56: Site Monitor | L56: MustNotDDE | M56: NoLink | P56: 32572 | Q56: 0
A57: CP10 | B57: 56 | C57: Serum cytokines (central laboratory) | D57: TRUE | E57: https://az-cn.mdsol.com/MedidataRave/Help/Modules/Helpfile/D8318N00001_eCRF_Completion_Guidelines.pdf | F57: FALSE | G57: TRUE | H57: FALSE | J57: Site Monitor | L57: MustNotDDE | M57: NoLink | P57: 32573 | Q57: 0
A58: CP11 | B58: 57 | C58: Peripheral blood lymphocyte subsets (central laboratory) | D58: TRUE | E58: https://az-cn.mdsol.com/MedidataRave/Help/Modules/Helpfile/D8318N00001_eCRF_Completion_Guidelines.pdf | F58: FALSE | G58: TRUE | H58: FALSE | J58: Site Monitor | L58: MustNotDDE | M58: NoLink | P58: 32574 | Q58: 0
A59: CP12 | B59: 58 | C59: Anti-GC012F antibody in peripheral blood | D59: TRUE | E59: https://az-cn.mdsol.com/MedidataRave/Help/Modules/Helpfile/D8318N00001_eCRF_Completion_Guidelines.pdf | F59: FALSE | G59: TRUE | H59: FALSE | J59: Site Monitor | L59: MustNotDDE | M59: NoLink | P59: 32575 | Q59: 0
A60: CP13 | B60: 59 | C60: Tissue or bone marrow cell subset-related tests | D60: TRUE | E60: https://az-cn.mdsol.com/MedidataRave/Help/Modules/Helpfile/D8318N00001_eCRF_Completion_Guidelines.pdf | F60: FALSE | G60: TRUE | H60: FALSE | J60: Site Monitor | L60: MustNotDDE | M60: NoLink | P60: 32576 | Q60: 0
A61: GF3 | B61: 60 | C61: Tissue or bone marrow GC012F CAR-T gene-related tests | D61: TRUE | E61: https://az-cn.mdsol.com/MedidataRave/Help/Modules/Helpfile/D8318N00001_eCRF_Completion_Guidelines.pdf | F61: FALSE | G61: TRUE | H61: FALSE | J61: Site Monitor | L61: MustNotDDE | M61: NoLink | P61: 32577 | Q61: 0
A62: CP14 | B62: 61 | C62: RCL monitoring | D62: TRUE | E62: https://az-cn.mdsol.com/MedidataRave/Help/Modules/Helpfile/D8318N00001_eCRF_Completion_Guidelines.pdf | F62: FALSE | G62: TRUE | H62: FALSE | J62: Site Monitor | K62: Landscape | L62: MustNotDDE | M62: NoLink | P62: 32578 | Q62: 0
A63: CP15 | B63: 62 | C63: Lentiviral integration site testing | D63: TRUE | E63: https://az-cn.mdsol.com/MedidataRave/Help/Modules/Helpfile/D8318N00001_eCRF_Completion_Guidelines.pdf | F63: FALSE | G63: TRUE | H63: FALSE | J63: Site Monitor | K63: Landscape | L63: MustNotDDE | M63: NoLink | P63: 32579 | Q63: 0
A64: QRS1 | B64: 63 | C64: Revised Combined Response Index for Systemic Sclerosis (rCRISS) remission assessment | D64: TRUE | E64: https://az-cn.mdsol.com/MedidataRave/Help/Modules/Helpfile/D8318N00001_eCRF_Completion_Guidelines.pdf | F64: FALSE | G64: TRUE | H64: FALSE | J64: Site Monitor | L64: MustNotDDE | M64: NoLink | P64: 32580 | Q64: 0
A65: QRS2 | B65: 64 | C65: Modified Rodnan Skin Score(mRSS) | D65: TRUE | E65: https://az-cn.mdsol.com/MedidataRave/Help/Modules/Helpfile/D8318N00001_eCRF_Completion_Guidelines.pdf | F65: FALSE | G65: TRUE | H65: FALSE | J65: Site Monitor | K65: Landscape | L65: MustNotDDE | M65: NoLink | P65: 32581 | Q65: 0
A66: DIS | B66: 65 | C66: Disease Progression | D66: TRUE | E66: https://az-cn.mdsol.com/MedidataRave/Help/Modules/Helpfile/D8318N00001_eCRF_Completion_Guidelines.pdf | F66: FALSE | G66: TRUE | H66: FALSE | J66: Site Monitor | L66: MustNotDDE | M66: NoLink | P66: 32582 | Q66: 0
A67: QRS5 | B67: 66 | C67: Health Assessment Questionnaire-Disability Index (HAQ-DI) | D67: TRUE | E67: https://az-cn.mdsol.com/MedidataRave/Help/Modules/Helpfile/D8318N00001_eCRF_Completion_Guidelines.pdf | F67: FALSE | G67: TRUE | H67: FALSE | J67: Site Monitor | K67: Landscape | L67: MustNotDDE | M67: NoLink | P67: 32583 | Q67: 0
A68: QRS3 | B68: 67 | C68: Physician Global Activity Assessment (PhGA) | D68: TRUE | E68: https://az-cn.mdsol.com/MedidataRave/Help/Modules/Helpfile/D8318N00001_eCRF_Completion_Guidelines.pdf | F68: FALSE | G68: TRUE | H68: FALSE | J68: Site Monitor | L68: MustNotDDE | M68: NoLink | P68: 32584 | Q68: 0
A69: QRS4 | B69: 68 | C69: Patient Global Activity Assessment (PtGA) | D69: TRUE | E69: https://az-cn.mdsol.com/MedidataRave/Help/Modules/Helpfile/D8318N00001_eCRF_Completion_Guidelines.pdf | F69: FALSE | G69: TRUE | H69: FALSE | J69: Site Monitor | L69: MustNotDDE | M69: NoLink | P69: 32585 | Q69: 0
A70: MK1 | B70: 69 | C70: Manual Muscle Testing | D70: TRUE | E70: https://az-cn.mdsol.com/MedidataRave/Help/Modules/Helpfile/D8318N00001_eCRF_Completion_Guidelines.pdf | F70: FALSE | G70: TRUE | H70: FALSE | J70: Site Monitor | K70: Landscape | L70: MustNotDDE | M70: NoLink | P70: 32586 | Q70: 0
A71: MK2 | B71: 70 | C71: Myositis Disease Activity Assessment Tool | D71: TRUE | E71: https://az-cn.mdsol.com/MedidataRave/Help/Modules/Helpfile/D8318N00001_eCRF_Completion_Guidelines.pdf | F71: FALSE | G71: TRUE | H71: FALSE | J71: Site Monitor | L71: MustNotDDE | M71: NoLink | P71: 32587 | Q71: 0
A72: MK3 | B72: 71 | C72: Cutaneous Dermatomyositis Disease Area and Severity Index(CDASI) | D72: TRUE | E72: https://az-cn.mdsol.com/MedidataRave/Help/Modules/Helpfile/D8318N00001_eCRF_Completion_Guidelines.pdf | F72: FALSE | G72: TRUE | H72: FALSE | J72: Site Monitor | K72: Landscape | L72: MustNotDDE | M72: NoLink | P72: 32588 | Q72: 0
A73: MK4 | B73: 72 | C73: Myositis Damage Index | D73: TRUE | E73: https://az-cn.mdsol.com/MedidataRave/Help/Modules/Helpfile/D8318N00001_eCRF_Completion_Guidelines.pdf | F73: FALSE | G73: TRUE | H73: FALSE | J73: Site Monitor | L73: MustNotDDE | M73: NoLink | P73: 32589 | Q73: 0
A74: MK5 | B74: 73 | C74: 5-D Pruritus Scale | D74: TRUE | E74: https://az-cn.mdsol.com/MedidataRave/Help/Modules/Helpfile/D8318N00001_eCRF_Completion_Guidelines.pdf | F74: FALSE | G74: TRUE | H74: FALSE | J74: Site Monitor | L74: MustNotDDE | M74: NoLink | P74: 32590 | Q74: 0
A75: IE | B75: 74 | C75: Inclusion/Exclusion Criteria Not Met-Master Protocol | D75: TRUE | E75: https://az-cn.mdsol.com/MedidataRave/Help/Modules/Helpfile/D8318N00001_eCRF_Completion_Guidelines.pdf | F75: FALSE | G75: TRUE | H75: FALSE | J75: Site Monitor | K75: Landscape | L75: MustNotDDE | M75: NoLink | P75: 32591 | Q75: 0
A76: IE1 | B76: 75 | C76: Inclusion/Exclusion Criteria Not Met-Study 1 Protocol | D76: TRUE | E76: https://az-cn.mdsol.com/MedidataRave/Help/Modules/Helpfile/D8318N00001_eCRF_Completion_Guidelines.pdf | F76: FALSE | G76: TRUE | H76: FALSE | J76: Site Monitor | K76: Landscape | L76: MustNotDDE | M76: NoLink | P76: 32592 | Q76: 0
A77: IE2 | B77: 76 | C77: Inclusion/Exclusion Criteria Not Met-Study 2 Protocol | D77: TRUE | E77: https://az-cn.mdsol.com/MedidataRave/Help/Modules/Helpfile/D8318N00001_eCRF_Completion_Guidelines.pdf | F77: FALSE | G77: TRUE | H77: FALSE | J77: Site Monitor | K77: Landscape | L77: MustNotDDE | M77: NoLink | P77: 32593 | Q77: 0
A78: CRI1_APH | B78: 77 | C78: Criteria for Apheresis in Subjects | D78: TRUE | E78: https://az-cn.mdsol.com/MedidataRave/Help/Modules/Helpfile/D8318N00001_eCRF_Completion_Guidelines.pdf | F78: FALSE | G78: TRUE | H78: FALSE | J78: Site Monitor | K78: Landscape | L78: MustNotDDE | M78: NoLink | P78: 32594 | Q78: 0
A79: CRI2_LYM | B79: 78 | C79: Criteria for Lymphodepletion in Subjects | D79: TRUE | E79: https://az-cn.mdsol.com/MedidataRave/Help/Modules/Helpfile/D8318N00001_eCRF_Completion_Guidelines.pdf | F79: FALSE | G79: TRUE | H79: FALSE | J79: Site Monitor | K79: Landscape | L79: MustNotDDE | M79: NoLink | P79: 32595 | Q79: 0
A80: CRI3_CART | B80: 79 | C80: Criteria for CAR-T Cell Infusion in Subjects | D80: TRUE | E80: https://az-cn.mdsol.com/MedidataRave/Help/Modules/Helpfile/D8318N00001_eCRF_Completion_Guidelines.pdf | F80: FALSE | G80: TRUE | H80: FALSE | J80: Site Monitor | K80: Landscape | L80: MustNotDDE | M80: NoLink | P80: 32596 | Q80: 0
A81: MI | B81: 80 | C81: Collection of mononuclear cells | D81: TRUE | E81: https://az-cn.mdsol.com/MedidataRave/Help/Modules/Helpfile/D8318N00001_eCRF_Completion_Guidelines.pdf | F81: FALSE | G81: TRUE | H81: FALSE | J81: Site Monitor | K81: Landscape | L81: MustNotDDE | M81: NoLink | P81: 32597 | Q81: 0
A82: EC1 | B82: 81 | C82: Lymphodepletion pretreatment | D82: TRUE | E82: https://az-cn.mdsol.com/MedidataRave/Help/Modules/Helpfile/D8318N00001_eCRF_Completion_Guidelines.pdf | F82: FALSE | G82: TRUE | H82: FALSE | J82: Site Monitor | K82: Landscape | L82: MustNotDDE | M82: NoLink | P82: 32598 | Q82: 0
A83: EC2 | B83: 82 | C83: GC012F Injection infusion | D83: TRUE | E83: https://az-cn.mdsol.com/MedidataRave/Help/Modules/Helpfile/D8318N00001_eCRF_Completion_Guidelines.pdf | F83: FALSE | G83: TRUE | H83: FALSE | J83: Site Monitor | K83: Landscape | L83: MustNotDDE | M83: NoLink | P83: 32599 | Q83: 0
A84: CM | B84: 83 | C84: Previous and Concomitant Medications | D84: TRUE | E84: https://az-cn.mdsol.com/MedidataRave/Help/Modules/Helpfile/D8318N00001_eCRF_Completion_Guidelines.pdf | F84: FALSE | G84: TRUE | H84: FALSE | J84: Site Monitor | K84: Landscape | L84: MustNotDDE | M84: NoLink | P84: 32600 | Q84: 0
A85: PR | B85: 84 | C85: Previous and Concomitant Procedures | D85: TRUE | E85: https://az-cn.mdsol.com/MedidataRave/Help/Modules/Helpfile/D8318N00001_eCRF_Completion_Guidelines.pdf | F85: FALSE | G85: TRUE | H85: FALSE | J85: Site Monitor | K85: Landscape | L85: MustNotDDE | M85: NoLink | P85: 32601 | Q85: 0
A86: AEYN | B86: 85 | C86: Adverse Event Assessment | D86: TRUE | E86: https://az-cn.mdsol.com/MedidataRave/Help/Modules/Helpfile/D8318N00001_eCRF_Completion_Guidelines.pdf | F86: FALSE | G86: TRUE | H86: FALSE | J86: Site Monitor | L86: MustNotDDE | M86: NoLink | P86: 32602 | Q86: 0
A87: AE | B87: 86 | C87: Adverse Events | D87: TRUE | E87: https://az-cn.mdsol.com/MedidataRave/Help/Modules/Helpfile/D8318N00001_eCRF_Completion_Guidelines.pdf | F87: FALSE | G87: TRUE | H87: FALSE | J87: Site Monitor | K87: Landscape | L87: MustNotDDE | M87: NoLink | P87: 32603 | Q87: 0
A88: SA | B88: 87 | C88: AZ Aware of SAE | D88: TRUE | E88: https://az-cn.mdsol.com/MedidataRave/Help/Modules/Helpfile/D8318N00001_eCRF_Completion_Guidelines.pdf | F88: FALSE | G88: TRUE | H88: FALSE | I88: Coder Import Role,Batch Upload,Rave Imaging Integration,OL Role,Site Coordinator - IVRS,Investigator - IVRS,AZ Read Only,Coder,SAE Administrator,SAE Case Handler,RSG Case Handler,AZ Review and Query,Adjudicator,External Read Only,Agency Inspector,Site Coordinator,Investigator,Medidata Read Only,Medical Monitor | J88: Adjudicator,Agency Inspector,AZ Read Only,AZ Review and Query,Batch Upload,Coder,Coder Import Role,Data Manager,External Read Only,Investigator,Investigator - IVRS,Medical Monitor,Medidata Read Only,OL Role,Rave Imaging Integration,RSG Case Handler,SAE Administrator,SAE Case Handler,Site Coordinator,Site Coordinator - IVRS,Study Developer | K88: Landscape | L88: MustNotDDE | M88: NoLink | P88: 32614 | Q88: 0
A89: CRS | B89: 88 | C89: CRS ASTCT Criteria | D89: TRUE | E89: https://az-cn.mdsol.com/MedidataRave/Help/Modules/Helpfile/D8318N00001_eCRF_Completion_Guidelines.pdf | F89: FALSE | G89: TRUE | H89: FALSE | J89: Site Monitor | K89: Landscape | L89: MustNotDDE | M89: NoLink | P89: 32604 | Q89: 0
A90: ICANS | B90: 89 | C90: ICANS ASTCT Criteria | D90: TRUE | E90: https://az-cn.mdsol.com/MedidataRave/Help/Modules/Helpfile/D8318N00001_eCRF_Completion_Guidelines.pdf | F90: FALSE | G90: TRUE | H90: FALSE | J90: Site Monitor | K90: Landscape | L90: MustNotDDE | M90: NoLink | P90: 32605 | Q90: 0
A91: HLHMAS | B91: 90 | C91: HLH/MAS IEC-HS Grading | D91: TRUE | E91: https://az-cn.mdsol.com/MedidataRave/Help/Modules/Helpfile/D8318N00001_eCRF_Completion_Guidelines.pdf | F91: FALSE | G91: TRUE | H91: FALSE | J91: Site Monitor | K91: Landscape | L91: MustNotDDE | M91: NoLink | P91: 32620 | Q91: 0
A92: DD | B92: 91 | C92: Death | D92: TRUE | E92: https://az-cn.mdsol.com/MedidataRave/Help/Modules/Helpfile/D8318N00001_eCRF_Completion_Guidelines.pdf | F92: FALSE | G92: TRUE | H92: FALSE | J92: Site Monitor | L92: MustNotDDE | M92: NoLink | P92: 32606 | Q92: 0
A93: FU | B93: 92 | C93: Survival Status | D93: TRUE | E93: https://az-cn.mdsol.com/MedidataRave/Help/Modules/Helpfile/D8318N00001_eCRF_Completion_Guidelines.pdf | F93: FALSE | G93: TRUE | H93: FALSE | J93: Site Monitor | K93: Landscape | L93: MustNotDDE | M93: NoLink | P93: 32607 | Q93: 0
A94: NEXTYN | B94: 93 | C94: Next Visit | D94: TRUE | E94: https://az-cn.mdsol.com/MedidataRave/Help/Modules/Helpfile/D8318N00001_eCRF_Completion_Guidelines.pdf | F94: FALSE | G94: TRUE | H94: FALSE | J94: Site Monitor | L94: MustNotDDE | M94: NoLink | P94: 32609 | Q94: 0
A95: DS2_SCR | B95: 94 | C95: Screening Results | D95: TRUE | E95: https://az-cn.mdsol.com/MedidataRave/Help/Modules/Helpfile/D8318N00001_eCRF_Completion_Guidelines.pdf | F95: FALSE | G95: TRUE | H95: FALSE | J95: Site Monitor | L95: MustNotDDE | M95: NoLink | P95: 32610 | Q95: 0
A96: DS3_WS | B96: 95 | C96: Withdrawal from study | D96: TRUE | E96: https://az-cn.mdsol.com/MedidataRave/Help/Modules/Helpfile/D8318N00001_eCRF_Completion_Guidelines.pdf | F96: FALSE | G96: TRUE | H96: FALSE | J96: Site Monitor | L96: MustNotDDE | M96: NoLink | P96: 32611 | Q96: 0
A97: DS4_EOS | B97: 96 | C97: End of Study | D97: TRUE | E97: https://az-cn.mdsol.com/MedidataRave/Help/Modules/Helpfile/D8318N00001_eCRF_Completion_Guidelines.pdf | F97: FALSE | G97: TRUE | H97: FALSE | J97: Site Monitor | L97: MustNotDDE | M97: NoLink | P97: 32612 | Q97: 0
A98: MH1 | B98: 97 | C98: IIM/SSc Medications Assessment(Do Not Use) | D98: FALSE | E98: https://az-cn.mdsol.com/MedidataRave/Help/Modules/Helpfile/D8318N00001_eCRF_Completion_Guidelines.pdf | F98: FALSE | G98: TRUE | H98: FALSE | J98: Site Monitor | K98: Landscape | L98: MustNotDDE | M98: NoLink | P98: 32613 | Q98: 0
A99: MH2 | B99: 98 | C99: IIM/SSc Procedures(Do Not Use) | D99: FALSE | E99: https://az-cn.mdsol.com/MedidataRave/Help/Modules/Helpfile/D8318N00001_eCRF_Completion_Guidelines.pdf | F99: FALSE | G99: TRUE | H99: FALSE | J99: Site Monitor | K99: Landscape | L99: MustNotDDE | M99: NoLink | P99: 32621 | Q99: 0
A100: CP1 | B100: 99 | C100: Syphilis screening(Do Not Use) | D100: FALSE | E100: https://az-cn.mdsol.com/MedidataRave/Help/Modules/Helpfile/D8318N00001_eCRF_Completion_Guidelines.pdf | F100: FALSE | G100: TRUE | H100: FALSE | J100: Site Monitor | L100: MustNotDDE | M100: NoLink | P100: 32549 | Q100: 0
A101: CP17 | B101: 100 | C101: Aldolase Testing(Do Not Use) | D101: FALSE | E101: https://az-cn.mdsol.com/MedidataRave/Help/Modules/Helpfile/D8318N00001_eCRF_Completion_Guidelines.pdf | F101: FALSE | G101: TRUE | H101: FALSE | J101: Site Monitor | L101: MustNotDDE | M101: NoLink | P101: 32619 | Q101: 0
...

Sheet Fields
A1: FormOID | B1: FieldOID | C1: Ordinal | D1: DraftFieldNumber | E1: DraftFieldName | F1: DraftFieldActive | G1: VariableOID | H1: DataFormat | I1: DataDictionaryName | J1: UnitDictionaryName | K1: CodingDictionary | L1: ControlType | M1: AcceptableFileExtensions | N1: IndentLevel | O1: PreText | P1: FixedUnit | Q1: HeaderText | R1: HelpText | S1: SourceDocument | T1: IsLog | U1: DefaultValue | V1: SASLabel | W1: SASFormat | X1: EproFormat | Y1: IsRequired | Z1: QueryFutureDate | AA1: IsVisible | AB1: IsTranslationRequired | AC1: AnalyteName | AD1: IsClinicalSignificance | AE1: QueryNonConformance | AF1: OtherVisits | AG1: CanSetRecordDate | AH1: CanSetDataPageDate | AI1: CanSetInstanceDate | AJ1: CanSetSubjectDate | AK1: DoesNotBreakSignature | AL1: LowerRange | AM1: UpperRange | AN1: NCLowerRange | AO1: NCUpperRange | AP1: ViewRestrictions | AQ1: EntryRestrictions | AR1: ReviewGroups | AS1: IsVisualVerify | AT1: FDownloadedFromObjectId | AU1: FSourceObjectId | AV1: VDownloadedFromObjectId | AW1: VSourceObjectId | AX1: FSourceUrlId | AY1: VSourceUrlId
A2: SC | B2: SITENUM | C2: 1 | E2: SITENUM | F2: TRUE | G2: SITENUM | H2: $2 | L2: Text | N2: 0 | O2: Site Identifier(Derived) | S2: FALSE | T2: FALSE | V2: Site Identifier(Derived) | Y2: FALSE | Z2: FALSE | AA2: TRUE | AB2: FALSE | AD2: FALSE | AE2: FALSE | AF2: FALSE | AG2: FALSE | AH2: FALSE | AI2: FALSE | AJ2: FALSE | AK2: FALSE | AQ2: Adjudicator,Agency Inspector,AZ Read Only,AZ Review and Query,Batch Upload,Coder,Coder Import Role,Data Manager,External Read Only,Investigator,Investigator - IVRS,Medical Monitor,Medidata Read Only,OL Role,Rave Imaging Integration,RSG Case Handler,SAE Administrator,SAE Case Handler,Site Coordinator,Site Coordinator - IVRS,Site Monitor,Study Developer | AS2: FALSE | AT2: 404969 | AU2: 0 | AV2: 271575 | AW2: 0
A3: SC | B3: SUBJNUM | C3: 2 | E3: SUBJNUM | F3: TRUE | G3: SUBJNUM | H3: 3+ | L3: Text | N3: 0 | O3: Participant Screening Sequence Identifier | S3: TRUE | T3: FALSE | V3: Participant Screening Sequence Identifier | Y3: TRUE | Z3: FALSE | AA3: TRUE | AB3: FALSE | AD3: FALSE | AE3: TRUE | AF3: FALSE | AG3: FALSE | AH3: FALSE | AI3: FALSE | AJ3: FALSE | AK3: FALSE | AR3: Data Manager | AS3: FALSE | AT3: 404971 | AU3: 0 | AV3: 271576 | AW3: 0
A4: SC | B4: SUBJID | C4: 3 | E4: SUBJID | F4: TRUE | G4: SUBJID | H4: $8 | L4: Text | N4: 0 | O4: Participant ID(Derived) | S4: FALSE | T4: FALSE | V4: Participant ID(Derived) | Y4: FALSE | Z4: FALSE | AA4: TRUE | AB4: FALSE | AD4: FALSE | AE4: FALSE | AF4: FALSE | AG4: FALSE | AH4: FALSE | AI4: FALSE | AJ4: FALSE | AK4: FALSE | AQ4: Adjudicator,Agency Inspector,AZ Read Only,AZ Review and Query,Batch Upload,Coder,Coder Import Role,Data Manager,External Read Only,Investigator,Investigator - IVRS,Medical Monitor,Medidata Read Only,OL Role,Rave Imaging Integration,RSG Case Handler,SAE Administrator,SAE Case Handler,Site Coordinator,Site Coordinator - IVRS,Site Monitor,Study Developer | AS4: FALSE | AT4: 404970 | AU4: 0 | AV4: 271577 | AW4: 0
A5: SC | B5: INDTYP | C5: 4 | E5: INDTYP | F5: TRUE | G5: INDTYP | H5: 2 | I5: Indication | L5: RadioButton | N5: 0 | O5: Indication | S5: TRUE | T5: FALSE | V5: Indication | Y5: TRUE | Z5: FALSE | AA5: TRUE | AB5: FALSE | AD5: FALSE | AE5: TRUE | AF5: FALSE | AG5: FALSE | AH5: FALSE | AI5: FALSE | AJ5: FALSE | AK5: FALSE | AR5: Data Manager | AS5: FALSE | AT5: 404968 | AU5: 0 | AV5: 271578 | AW5: 0
A6: SV | B6: VISDAT | C6: 1 | E6: VISDAT | F6: TRUE | G6: VISDAT | H6: yyyy/mm/dd | L6: DateTime | N6: 0 | O6: Visit Date | S6: TRUE | T6: FALSE | V6: Visit Date | Y6: FALSE | Z6: TRUE | AA6: TRUE | AB6: FALSE | AD6: FALSE | AE6: TRUE | AF6: FALSE | AG6: FALSE | AH6: FALSE | AI6: FALSE | AJ6: FALSE | AK6: FALSE | AR6: Data Manager | AS6: FALSE | AT6: 403791 | AU6: 0 | AV6: 271579 | AW6: 0
A7: SV | B7: SVSTAT | C7: 2 | E7: SVSTAT | F7: TRUE | G7: SVSTAT | H7: 2 | I7: Yes | L7: RadioButton | N7: 0 | O7: Visit Not Done | S7: TRUE | T7: FALSE | V7: Visit Not Done | Y7: FALSE | Z7: FALSE | AA7: TRUE | AB7: FALSE | AD7: FALSE | AE7: TRUE | AF7: FALSE | AG7: FALSE | AH7: FALSE | AI7: FALSE | AJ7: FALSE | AK7: FALSE | AR7: Data Manager | AS7: FALSE | AT7: 403790 | AU7: 0 | AV7: 271580 | AW7: 0
A8: SV | B8: SVRSND | C8: 3 | E8: SVRSND | F8: TRUE | G8: SVRSND | H8: $200 | L8: LongText | N8: 0 | O8: If not done, please specify the reason | S8: TRUE | T8: FALSE | V8: If not done, please specify the reason | Y8: TRUE | Z8: FALSE | AA8: FALSE | AB8: FALSE | AD8: FALSE | AE8: TRUE | AF8: FALSE | AG8: FALSE | AH8: FALSE | AI8: FALSE | AJ8: FALSE | AK8: FALSE | AR8: Data Manager | AS8: FALSE | AT8: 403789 | AU8: 0 | AV8: 271581 | AW8: 0
A9: UNSCH | B9: UNSHEI | C9: 1 | E9: UNSHEI | F9: TRUE | G9: UNSHEI | H9: 2 | I9: Yes | L9: RadioButton | N9: 0 | O9: Height | S9: TRUE | T9: FALSE | V9: Height | Y9: FALSE | Z9: FALSE | AA9: TRUE | AB9: FALSE | AD9: FALSE | AE9: TRUE | AF9: FALSE | AG9: FALSE | AH9: FALSE | AI9: FALSE | AJ9: FALSE | AK9: FALSE | AR9: Data Manager | AS9: FALSE | AT9: 404796 | AU9: 0 | AV9: 272347 | AW9: 0
A10: UNSCH | B10: UNSWEI | C10: 2 | E10: UNSWEI | F10: TRUE | G10: UNSWEI | H10: 2 | I10: Yes | L10: RadioButton | N10: 0 | O10: Weight | S10: TRUE | T10: FALSE | V10: Weight | Y10: FALSE | Z10: FALSE | AA10: TRUE | AB10: FALSE | AD10: FALSE | AE10: TRUE | AF10: FALSE | AG10: FALSE | AH10: FALSE | AI10: FALSE | AJ10: FALSE | AK10: FALSE | AR10: Data Manager | AS10: FALSE | AT10: 404833 | AU10: 0 | AV10: 272348 | AW10: 0
A11: UNSCH | B11: UNSCV1 | C11: 3 | E11: UNSCV1 | F11: TRUE | G11: UNSCV1 | H11: 2 | I11: Yes | L11: RadioButton | N11: 0 | O11: Chest X-ray | S11: TRUE | T11: FALSE | V11: Chest X-ray | Y11: FALSE | Z11: FALSE | AA11: TRUE | AB11: FALSE | AD11: FALSE | AE11: TRUE | AF11: FALSE | AG11: FALSE | AH11: FALSE | AI11: FALSE | AJ11: FALSE | AK11: FALSE | AR11: Data Manager | AS11: FALSE | AT11: 404782 | AU11: 0 | AV11: 272399 | AW11: 0
A12: UNSCH | B12: UNSCV2 | C12: 4 | E12: UNSCV2 | F12: TRUE | G12: UNSCV2 | H12: 2 | I12: Yes | L12: RadioButton | N12: 0 | O12: Chest CT | S12: TRUE | T12: FALSE | V12: Chest CT | Y12: FALSE | Z12: FALSE | AA12: TRUE | AB12: FALSE | AD12: FALSE | AE12: TRUE | AF12: FALSE | AG12: FALSE | AH12: FALSE | AI12: FALSE | AJ12: FALSE | AK12: FALSE | AR12: Data Manager | AS12: FALSE | AT12: 404783 | AU12: 0 | AV12: 272585 | AW12: 0
A13: UNSCH | B13: UNSCV4 | C13: 5 | E13: UNSCV4 | F13: TRUE | G13: UNSCV4 | H13: 2 | I13: Yes | L13: RadioButton | N13: 0 | O13: Chest HRCT | S13: TRUE | T13: FALSE | V13: Chest HRCT | Y13: FALSE | Z13: FALSE | AA13: TRUE | AB13: FALSE | AD13: FALSE | AE13: TRUE | AF13: FALSE | AG13: FALSE | AH13: FALSE | AI13: FALSE | AJ13: FALSE | AK13: FALSE | AR13: Data Manager | AS13: FALSE | AT13: 404785 | AU13: 0 | AV13: 272586 | AW13: 0
A14: UNSCH | B14: UNSCV5 | C14: 6 | E14: UNSCV5 | F14: TRUE | G14: UNSCV5 | H14: 2 | I14: Yes | L14: RadioButton | N14: 0 | O14: Muscle MRI | S14: TRUE | T14: FALSE | V14: Muscle MRI | Y14: FALSE | Z14: FALSE | AA14: TRUE | AB14: FALSE | AD14: FALSE | AE14: TRUE | AF14: FALSE | AG14: FALSE | AH14: FALSE | AI14: FALSE | AJ14: FALSE | AK14: FALSE | AR14: Data Manager | AS14: FALSE | AT14: 404786 | AU14: 0 | AV14: 272587 | AW14: 0
A15: UNSCH | B15: UNSCV3 | C15: 7 | E15: UNSCV3 | F15: TRUE | G15: UNSCV3 | H15: 2 | I15: Yes | L15: RadioButton | N15: 0 | O15: FAPI PET/CT | S15: TRUE | T15: FALSE | V15: FAPI PET/CT | Y15: FALSE | Z15: FALSE | AA15: TRUE | AB15: FALSE | AD15: FALSE | AE15: TRUE | AF15: FALSE | AG15: FALSE | AH15: FALSE | AI15: FALSE | AJ15: FALSE | AK15: FALSE | AR15: Data Manager | AS15: FALSE | AT15: 404784 | AU15: 0 | AV15: 272588 | AW15: 0
A16: UNSCH | B16: UNSMK6 | C16: 8 | E16: UNSMK6 | F16: TRUE | G16: UNSMK6 | H16: 2 | I16: Yes | L16: RadioButton | N16: 0 | O16: Muscle biopsy pathology | S16: TRUE | T16: FALSE | V16: Muscle biopsy pathology | Y16: FALSE | Z16: FALSE | AA16: TRUE | AB16: FALSE | AD16: FALSE | AE16: TRUE | AF16: FALSE | AG16: FALSE | AH16: FALSE | AI16: FALSE | AJ16: FALSE | AK16: FALSE | AR16: Data Manager | AS16: FALSE | AT16: 404822 | AU16: 0 | AV16: 272589 | AW16: 0
A17: UNSCH | B17: UNSMK7 | C17: 9 | E17: UNSMK7 | F17: TRUE | G17: UNSMK7 | H17: 2 | I17: Yes | L17: RadioButton | N17: 0 | O17: Skin biopsy pathology | S17: TRUE | T17: FALSE | V17: Skin biopsy pathology | Y17: FALSE | Z17: FALSE | AA17: TRUE | AB17: FALSE | AD17: FALSE | AE17: TRUE | AF17: FALSE | AG17: FALSE | AH17: FALSE | AI17: FALSE | AJ17: FALSE | AK17: FALSE | AR17: Data Manager | AS17: FALSE | AT17: 404823 | AU17: 0 | AV17: 272590 | AW17: 0
A18: UNSCH | B18: UNSEG1 | C18: 10 | E18: UNSEG1 | F18: TRUE | G18: UNSEG1 | H18: 2 | I18: Yes | L18: RadioButton | N18: 0 | O18: Electrocardiogram | S18: TRUE | T18: FALSE | V18: Electrocardiogram | Y18: FALSE | Z18: FALSE | AA18: TRUE | AB18: FALSE | AD18: FALSE | AE18: TRUE | AF18: FALSE | AG18: FALSE | AH18: FALSE | AI18: FALSE | AJ18: FALSE | AK18: FALSE | AR18: Data Manager | AS18: FALSE | AT18: 404790 | AU18: 0 | AV18: 272351 | AW18: 0
A19: UNSCH | B19: UNSECHO | C19: 11 | E19: UNSECHO | F19: TRUE | G19: UNSECHO | H19: 2 | I19: Yes | L19: RadioButton | N19: 0 | O19: Echocardiogram | S19: TRUE | T19: FALSE | V19: Echocardiogram | Y19: FALSE | Z19: FALSE | AA19: TRUE | AB19: FALSE | AD19: FALSE | AE19: TRUE | AF19: FALSE | AG19: FALSE | AH19: FALSE | AI19: FALSE | AJ19: FALSE | AK19: FALSE | AR19: Data Manager | AS19: FALSE | AT19: 404789 | AU19: 0 | AV19: 272352 | AW19: 0
A20: UNSCH | B20: UNSSR | C20: 12 | E20: UNSSR | F20: TRUE | G20: UNSSR | H20: 2 | I20: Yes | L20: RadioButton | N20: 0 | O20: Ultrasound elastography of skin | S20: TRUE | T20: FALSE | V20: Ultrasound elastography of skin | Y20: FALSE | Z20: FALSE | AA20: TRUE | AB20: FALSE | AD20: FALSE | AE20: TRUE | AF20: FALSE | AG20: FALSE | AH20: FALSE | AI20: FALSE | AJ20: FALSE | AK20: FALSE | AR20: Data Manager | AS20: FALSE | AT20: 404831 | AU20: 0 | AV20: 272591 | AW20: 0
... A67: UNSCH | B67: UNSFA | C67: 59 | E67: UNSFA | F67: TRUE | G67: UNSFA | H67: 2 | I67: Yes | L67: RadioButton | N67: 0 | O67: Other Test | S67: TRUE | T67: FALSE | V67: Other Test | Y67: FALSE | Z67: FALSE | AA67: TRUE | AB67: FALSE | AD67: FALSE | AE67: TRUE | AF67: FALSE | AG67: FALSE | AH67: FALSE | AI67: FALSE | AJ67: FALSE | AK67: FALSE | AR67: Data Manager | AS67: FALSE | AT67: 404792 | AU67: 0 | AV67: 272410 | AW67: 0
A68: UNSCH | B68: UNSMI | C68: 60 | E68: UNSMI | F68: FALSE | G68: UNSMI | H68: 2 | I68: Yes | L68: RadioButton | N68: 0 | O68: Collection of mononuclear cells | S68: FALSE | T68: FALSE | V68: Collection of mononuclear cells | Y68: FALSE | Z68: FALSE | AA68: TRUE | AB68: FALSE | AD68: FALSE | AE68: FALSE | AF68: FALSE | AG68: FALSE | AH68: FALSE | AI68: FALSE | AJ68: FALSE | AK68: FALSE | AS68: FALSE | AT68: 404816 | AU68: 0 | AV68: 272337 | AW68: 0
A69: UNSCH | B69: UNSEC1 | C69: 61 | E69: UNSEC1 | F69: FALSE | G69: UNSEC1 | H69: 2 | I69: Yes | L69: RadioButton | N69: 0 | O69: Lymphodepletion pretreatment | S69: FALSE | T69: FALSE | V69: Lymphodepletion pretreatment | Y69: FALSE | Z69: FALSE | AA69: TRUE | AB69: FALSE | AD69: FALSE | AE69: FALSE | AF69: FALSE | AG69: FALSE | AH69: FALSE | AI69: FALSE | AJ69: FALSE | AK69: FALSE | AS69: FALSE | AT69: 404787 | AU69: 0 | AV69: 272338 | AW69: 0
A70: UNSCH | B70: UNSEC2 | C70: 62 | E70: UNSEC2 | F70: FALSE | G70: UNSEC2 | H70: 2 | I70: Yes | L70: RadioButton | N70: 0 | O70: GC012F Injection infusion | S70: FALSE | T70: FALSE | V70: GC012F Injection infusion | Y70: FALSE | Z70: FALSE | AA70: TRUE | AB70: FALSE | AD70: FALSE | AE70: FALSE | AF70: FALSE | AG70: FALSE | AH70: FALSE | AI70: FALSE | AJ70: FALSE | AK70: FALSE | AS70: FALSE | AT70: 404788 | AU70: 0 | AV70: 272339 | AW70: 0
A71: UNSCH | B71: UNSCP1 | C71: 63 | E71: UNSCP1 | F71: FALSE | G71: UNSCP1 | H71: 2 | I71: Yes | L71: RadioButton | N71: 0 | O71: Syphilis screening | S71: FALSE | T71: FALSE | V71: Syphilis screening | Y71: FALSE | Z71: FALSE | AA71: FALSE | AB71: FALSE | AD71: FALSE | AE71: FALSE | AF71: FALSE | AG71: FALSE | AH71: FALSE | AI71: FALSE | AJ71: FALSE | AK71: FALSE | AS71: FALSE | AT71: 404767 | AU71: 0 | AV71: 272340 | AW71: 0
A72: UNSCH | B72: UNSCP2 | C72: 64 | E72: UNSCP2 | F72: FALSE | G72: UNSCP2 | H72: 2 | I72: Yes | L72: RadioButton | N72: 0 | O72: Viral markers | S72: TRUE | T72: FALSE | V72: Viral markers | Y72: FALSE | Z72: FALSE | AA72: FALSE | AB72: FALSE | AD72: FALSE | AE72: FALSE | AF72: FALSE | AG72: FALSE | AH72: FALSE | AI72: FALSE | AJ72: FALSE | AK72: FALSE | AR72: Data Manager | AS72: FALSE | AT72: 404774 | AU72: 0 | AV72: 272400 | AW72: 0
A73: UNSCH | B73: UNSCP3 | C73: 65 | E73: UNSCP3 | F73: FALSE | G73: UNSCP3 | H73: 2 | I73: Yes | L73: RadioButton | N73: 0 | O73: HCV-RNA | S73: FALSE | T73: FALSE | V73: HCV-RNA | Y73: FALSE | Z73: FALSE | AA73: FALSE | AB73: FALSE | AD73: FALSE | AE73: FALSE | AF73: FALSE | AG73: FALSE | AH73: FALSE | AI73: FALSE | AJ73: FALSE | AK73: FALSE | AS73: FALSE | AT73: 404775 | AU73: 0 | AV73: 272356 | AW73: 0
A74: UNSCH | B74: UNSCP4 | C74: 66 | E74: UNSCP4 | F74: FALSE | G74: UNSCP4 | H74: 2 | I74: Yes | L74: RadioButton | N74: 0 | O74: HBV-DNA | S74: FALSE | T74: FALSE | V74: HBV-DNA | Y74: FALSE | Z74: FALSE | AA74: FALSE | AB74: FALSE | AD74: FALSE | AE74: FALSE | AF74: FALSE | AG74: FALSE | AH74: FALSE | AI74: FALSE | AJ74: FALSE | AK74: FALSE | AS74: FALSE | AT74: 404776 | AU74: 0 | AV74: 272367 | AW74: 0
A75: UNSCH | B75: UNSCP17 | C75: 67 | E75: UNSCP17 | F75: FALSE | G75: UNSCP17 | H75: 2 | I75: Yes | L75: RadioButton | N75: 0 | O75: Aldolase Testing | S75: FALSE | T75: FALSE | V75: Aldolase Testing | Y75: FALSE | Z75: FALSE | AA75: TRUE | AB75: FALSE | AD75: FALSE | AE75: FALSE | AF75: FALSE | AG75: FALSE | AH75: FALSE | AI75: FALSE | AJ75: FALSE | AK75: FALSE | AS75: FALSE | AT75: 404773 | AU75: 0 | AV75: 272543 | AW75: 0
A76: DS1_IC | B76: DS1YN | C76: 1 | E76: DS1YN | F76: TRUE | G76: DS1YN | H76: 2 | I76: YesNo | L76: RadioButton | N76: 0 | O76: Was Informed Consent Form signed? | S76: TRUE | T76: FALSE | V76: Was Informed Consent Form signed? | Y76: TRUE | Z76: FALSE | AA76: TRUE | AB76: FALSE | AD76: FALSE | AE76: TRUE | AF76: FALSE | AG76: FALSE | AH76: FALSE | AI76: FALSE | AJ76: FALSE | AK76: FALSE | AR76: Data Manager | AS76: FALSE | AT76: 403983 | AU76: 0 | AV76: 271582 | AW76: 0
A77: DS1_IC | B77: DS1REID | C77: 2 | E77: DS1REID | F77: TRUE | G77: DS1REID | H77: $8 | L77: Text | N77: 0 | O77: If re-screening, Previous Participant ID | S77: TRUE | T77: FALSE | V77: If re-screening, Previous Participant ID | Y77: TRUE | Z77: FALSE | AA77: TRUE | AB77: FALSE | AD77: FALSE | AE77: TRUE | AF77: FALSE | AG77: FALSE | AH77: FALSE | AI77: FALSE | AJ77: FALSE | AK77: FALSE | AR77: Data Manager | AS77: FALSE | AT77: 403978 | AU77: 0 | AV77: 271583 | AW77: 0
A78: DS1_IC | B78: DS1DAT | C78: 3 | E78: DS1DAT | F78: TRUE | G78: DS1DAT | H78: yyyy/mm/dd | L78: DateTime | N78: 0 | O78: First Informed Consent Signing Date | S78: TRUE | T78: FALSE | V78: First Informed Consent Signing Date | Y78: TRUE | Z78: TRUE | AA78: FALSE | AB78: FALSE | AD78: FALSE | AE78: TRUE | AF78: FALSE | AG78: FALSE | AH78: FALSE | AI78: FALSE | AJ78: FALSE | AK78: FALSE | AR78: Data Manager | AS78: FALSE | AT78: 403975 | AU78: 0 | AV78: 271584 | AW78: 0
A79: DS1_IC | B79: DS1VER1 | C79: 4 | E79: DS1VER1 | F79: TRUE | G79: DS1VER1 | H79: 2 | I79: IC Version1 | L79: DropDownList | N79: 0 | O79: Informed Consent No. | S79: TRUE | T79: FALSE | V79: Informed Consent No. | Y79: TRUE | Z79: FALSE | AA79: FALSE | AB79: FALSE | AD79: FALSE | AE79: TRUE | AF79: FALSE | AG79: FALSE | AH79: FALSE | AI79: FALSE | AJ79: FALSE | AK79: FALSE | AR79: Data Manager | AS79: FALSE | AT79: 403981 | AU79: 0 | AV79: 271585 | AW79: 0
A80: DS1_IC | B80: DS1VER2 | C80: 5 | E80: DS1VER2 | F80: TRUE | G80: DS1VER2 | H80: 2 | I80: IC Version2 | L80: DropDownList | N80: 0 | O80: Protocol Version No. | S80: TRUE | T80: FALSE | V80: Protocol Version No. | Y80: TRUE | Z80: FALSE | AA80: FALSE | AB80: FALSE | AD80: FALSE | AE80: TRUE | AF80: FALSE | AG80: FALSE | AH80: FALSE | AI80: FALSE | AJ80: FALSE | AK80: FALSE | AR80: Data Manager | AS80: FALSE | AT80: 403982 | AU80: 0 | AV80: 271586 | AW80: 0
A81: DS1_IC | B81: DS1LABEL | C81: 6 | E81: DS1LABEL | F81: TRUE | L81: Text | N81: 0 | O81: If the informed consent is re-signed, please complete the following information. | S81: FALSE | T81: FALSE | Y81: FALSE | Z81: FALSE | AA81: TRUE | AB81: FALSE | AD81: FALSE | AE81: FALSE | AF81: FALSE | AG81: FALSE | AH81: FALSE | AI81: FALSE | AJ81: FALSE | AK81: TRUE | AS81: FALSE | AT81: 403976 | AU81: 0
A82: DS1_IC | B82: DS1RDAT | C82: 7 | E82: DS1RDAT | F82: TRUE | G82: DS1RDAT | H82: yyyy/mm/dd | L82: DateTime | N82: 0 | O82: Informed Consent Date | S82: TRUE | T82: TRUE | V82: Informed Consent Date | Y82: FALSE | Z82: TRUE | AA82: TRUE | AB82: FALSE | AD82: FALSE | AE82: TRUE | AF82: FALSE | AG82: FALSE | AH82: FALSE | AI82: FALSE | AJ82: FALSE | AK82: FALSE | AR82: Data Manager | AS82: FALSE | AT82: 403977 | AU82: 0 | AV82: 271587 | AW82: 0
A83: DS1_IC | B83: DS1RVER1 | C83: 8 | E83: DS1RVER1 | F83: TRUE | G83: DS1RVER1 | H83: 2 | I83: IC Version1 | L83: DropDownList | N83: 0 | O83: Informed Consent No. | S83: TRUE | T83: TRUE | V83: Informed Consent No. | Y83: FALSE | Z83: FALSE | AA83: TRUE | AB83: FALSE | AD83: FALSE | AE83: TRUE | AF83: FALSE | AG83: FALSE | AH83: FALSE | AI83: FALSE | AJ83: FALSE | AK83: FALSE | AR83: Data Manager | AS83: FALSE | AT83: 403979 | AU83: 0 | AV83: 271588 | AW83: 0
A84: DS1_IC | B84: DS1RVER2 | C84: 9 | E84: DS1RVER2 | F84: TRUE | G84: DS1RVER2 | H84: 2 | I84: IC Version2 | L84: DropDownList | N84: 0 | O84: Protocol Version No. | S84: TRUE | T84: TRUE | V84: Protocol Version No. | Y84: FALSE | Z84: FALSE | AA84: TRUE | AB84: FALSE | AD84: FALSE | AE84: TRUE | AF84: FALSE | AG84: FALSE | AH84: FALSE | AI84: FALSE | AJ84: FALSE | AK84: FALSE | AR84: Data Manager | AS84: FALSE | AT84: 403980 | AU84: 0 | AV84: 271589 | AW84: 0
A85: DS1_IC | B85: CURRTIM | C85: 10 | E85: CURRTIM | F85: TRUE | G85: CURRTIM | H85: yyyy/mm/dd HH:nn:ss | L85: DateTime | N85: 0 | O85: Current Time (Derived) | S85: FALSE | T85: FALSE | V85: Current Time (Derived) | Y85: FALSE | Z85: FALSE | AA85: TRUE | AB85: FALSE | AD85: FALSE | AE85: FALSE | AF85: FALSE | AG85: FALSE | AH85: FALSE | AI85: FALSE | AJ85: FALSE | AK85: TRUE | AP85: Coder Import Role,Batch Upload,Rave Imaging Integration,OL Role,Site Coordinator - IVRS,Investigator - IVRS,Data Manager,AZ Read Only,Site Monitor,Coder,SAE Administrator,SAE Case Handler,RSG Case Handler,Study Developer,AZ Review and Query,Adjudicator,External Read Only,Agency Inspector,Site Coordinator,Investigator,Medidata Read Only,Medical Monitor | AQ85: Adjudicator,Agency Inspector,AZ Read Only,AZ Review and Query,Batch Upload,Coder,Coder Import Role,Data Manager,External Read Only,Investigator,Investigator - IVRS,Medical Monitor,Medidata Read Only,OL Role,Rave Imaging Integration,RSG Case Handler,SAE Administrator,SAE Case Handler,Site Coordinator,Site Coordinator - IVRS,Site Monitor,Study Developer | AS85: FALSE | AT85: 403974 | AU85: 0 | AV85: 271726 | AW85: 0
A86: DM | B86: BRTHDAT | C86: 1 | E86: BRTHDAT | F86: TRUE | G86: BRTHDAT | H86: yyyy | L86: DateTime | N86: 0 | O86: Date of Birth | S86: TRUE | T86: FALSE | V86: Date of Birth | Y86: TRUE | Z86: TRUE | AA86: TRUE | AB86: FALSE | AD86: FALSE | AE86: TRUE | AF86: FALSE | AG86: FALSE | AH86: FALSE | AI86: FALSE | AJ86: FALSE | AK86: FALSE | AR86: Data Manager | AS86: FALSE | AT86: 403987 | AU86: 0 | AV86: 271590 | AW86: 0
A87: DM | B87: AGE | C87: 2 | E87: AGE | F87: TRUE | G87: AGE | H87: 3 | L87: Text | N87: 0 | O87: Age | P87: Years | S87: TRUE | T87: FALSE | V87: Age | Y87: TRUE | Z87: FALSE | AA87: TRUE | AB87: FALSE | AD87: FALSE | AE87: TRUE | AF87: FALSE | AG87: FALSE | AH87: FALSE | AI87: FALSE | AJ87: FALSE | AK87: FALSE | AR87: Data Manager | AS87: FALSE | AT87: 403986 | AU87: 0 | AV87: 271591 | AW87: 0
A88: DM | B88: SEX | C88: 3 | E88: SEX | F88: TRUE | G88: SEX | H88: $6 | I88: Sex | L88: RadioButton | N88: 0 | O88: Sex | S88: TRUE | T88: FALSE | V88: Sex | Y88: TRUE | Z88: FALSE | AA88: TRUE | AB88: FALSE | AD88: FALSE | AE88: TRUE | AF88: FALSE | AG88: FALSE | AH88: FALSE | AI88: FALSE | AJ88: FALSE | AK88: FALSE | AR88: Data Manager | AS88: FALSE | AT88: 403992 | AU88: 0 | AV88: 271592 | AW88: 0
A89: DM | B89: DMRPYN | C89: 4 | E89: DMRPYN | F89: TRUE | G89: DMRPYN | H89: 2 | I89: YesNo | L89: RadioButton | N89: 0 | O89: Is the subject a woman of childbearing potential? | S89: TRUE | T89: FALSE | V89: Is the subject a woman of childbearing potential? | Y89: TRUE | Z89: FALSE | AA89: FALSE | AB89: FALSE | AD89: FALSE | AE89: TRUE | AF89: FALSE | AG89: FALSE | AH89: FALSE | AI89: FALSE | AJ89: FALSE | AK89: FALSE | AR89: Data Manager | AS89: FALSE | AT89: 403988 | AU89: 0 | AV89: 271593 | AW89: 0
A90: DM | B90: RACE | C90: 5 | E90: RACE | F90: TRUE | G90: RACE | H90: 2 | I90: Race | L90: RadioButton | N90: 0 | O90: Race | S90: TRUE | T90: FALSE | V90: Race | Y90: TRUE | Z90: FALSE | AA90: TRUE | AB90: FALSE | AD90: FALSE | AE90: TRUE | AF90: FALSE | AG90: FALSE | AH90: FALSE | AI90: FALSE | AJ90: FALSE | AK90: FALSE | AR90: Data Manager | AS90: FALSE | AT90: 403991 | AU90: 0 | AV90: 271594 | AW90: 0
A91: DM | B91: ETHNIC | C91: 6 | E91: ETHNIC | F91: TRUE | G91: ETHNIC | H91: 2 | I91: Ethnicity | L91: RadioButton | N91: 0 | O91: Ethnicity | S91: TRUE | T91: FALSE | V91: Ethnicity | Y91: TRUE | Z91: FALSE | AA91: FALSE | AB91: FALSE | AD91: FALSE | AE91: TRUE | AF91: FALSE | AG91: FALSE | AH91: FALSE | AI91: FALSE | AJ91: FALSE | AK91: FALSE | AR91: Data Manager | AS91: FALSE | AT91: 403989 | AU91: 0 | AV91: 271595 | AW91: 0
A92: DM | B92: ETHNICO | C92: 7 | E92: ETHNICO | F92: TRUE | G92: ETHNICO | H92: $200 | L92: LongText | N92: 0 | O92: If Other, please specify | S92: TRUE | T92: FALSE | V92: If Other, please specify | Y92: TRUE | Z92: FALSE | AA92: FALSE | AB92: FALSE | AD92: FALSE | AE92: TRUE | AF92: FALSE | AG92: FALSE | AH92: FALSE | AI92: FALSE | AJ92: FALSE | AK92: FALSE | AR92: Data Manager | AS92: FALSE | AT92: 403990 | AU92: 0 | AV92: 271596 | AW92: 0
A93: MH | B93: MHYN | C93: 1 | E93: MHYN | F93: TRUE | G93: MHYN | H93: 2 | I93: YesNo | L93: RadioButton | N93: 0 | O93: Has the Subject experienced any past and/or concomitant diseases? | S93: TRUE | T93: FALSE | V93: Has the Subject experienced any past and/or concomitant diseases? | Y93: TRUE | Z93: FALSE | AA93: TRUE | AB93: FALSE | AD93: FALSE | AE93: TRUE | AF93: FALSE | AG93: FALSE | AH93: FALSE | AI93: FALSE | AJ93: FALSE | AK93: FALSE | AR93: Data Manager | AS93: FALSE | AT93: 403808 | AU93: 0 | AV93: 271597 | AW93: 0
A94: MH | B94: MHTERM | C94: 2 | E94: MHTERM | F94: TRUE | G94: MHTERM | H94: $500 | K94: MedDRA (Coder) | L94: LongText | N94: 0 | O94: Medical history term | S94: TRUE | T94: TRUE | V94: Medical history term | Y94: TRUE | Z94: FALSE | AA94: TRUE | AB94: FALSE | AD94: FALSE | AE94: TRUE | AF94: FALSE | AG94: FALSE | AH94: FALSE | AI94: FALSE | AJ94: FALSE | AK94: FALSE | AR94: Data Manager | AS94: FALSE | AT94: 403807 | AU94: 0 | AV94: 271598 | AW94: 0
A95: MH | B95: MHSTDAT | C95: 3 | E95: MHSTDAT | F95: TRUE | G95: MHSTDAT | H95: yyyy-/mm-/dd- | L95: DateTime | N95: 0 | O95: Start Date | S95: TRUE | T95: TRUE | V95: Start Date | Y95: TRUE | Z95: TRUE | AA95: TRUE | AB95: FALSE | AD95: FALSE | AE95: TRUE | AF95: FALSE | AG95: FALSE | AH95: FALSE | AI95: FALSE | AJ95: FALSE | AK95: FALSE | AR95: Data Manager | AS95: FALSE | AT95: 403806 | AU95: 0 | AV95: 271599 | AW95: 0
A96: MH | B96: MHONGO | C96: 4 | E96: MHONGO | F96: TRUE | G96: MHONGO | H96: 2 | I96: YesNo | L96: RadioButton | N96: 0 | O96: Ongoing | S96: TRUE | T96: TRUE | V96: Ongoing | Y96: TRUE | Z96: FALSE | AA96: TRUE | AB96: FALSE | AD96: FALSE | AE96: TRUE | AF96: FALSE | AG96: FALSE | AH96: FALSE | AI96: FALSE | AJ96: FALSE | AK96: FALSE | AR96: Data Manager | AS96: FALSE | AT96: 403805 | AU96: 0 | AV96: 271600 | AW96: 0
A97: MH | B97: MHENDAT | C97: 5 | E97: MHENDAT | F97: TRUE | G97: MHENDAT | H97: yyyy-/mm-/dd- | L97: DateTime | N97: 0 | O97: End Date | S97: TRUE | T97: TRUE | V97: End Date | Y97: TRUE | Z97: TRUE | AA97: FALSE | AB97: FALSE | AD97: FALSE | AE97: TRUE | AF97: FALSE | AG97: FALSE | AH97: FALSE | AI97: FALSE | AJ97: FALSE | AK97: FALSE | AR97: Data Manager | AS97: FALSE | AT97: 403804 | AU97: 0 | AV97: 271601 | AW97: 0
A98: MH | B98: CURRTIM | C98: 6 | E98: CURRTIM | F98: TRUE | G98: CURRTIM | H98: yyyy/mm/dd HH:nn:ss | L98: DateTime | N98: 0 | O98: Current Time (Derived) | S98: FALSE | T98: FALSE | V98: Current Time (Derived) | Y98: FALSE | Z98: FALSE | AA98: TRUE | AB98: FALSE | AD98: FALSE | AE98: FALSE | AF98: FALSE | AG98: FALSE | AH98: FALSE | AI98: FALSE | AJ98: FALSE | AK98: TRUE | AP98: Coder Import Role,Batch Upload,Rave Imaging Integration,OL Role,Site Coordinator - IVRS,Investigator - IVRS,Data Manager,AZ Read Only,Site Monitor,Coder,SAE Administrator,SAE Case Handler,RSG Case Handler,Study Developer,AZ Review and Query,Adjudicator,External Read Only,Agency Inspector,Site Coordinator,Investigator,Medidata Read Only,Medical Monitor | AQ98: Adjudicator,Agency Inspector,AZ Read Only,AZ Review and Query,Batch Upload,Coder,Coder Import Role,Data Manager,External Read Only,Investigator,Investigator - IVRS,Medical Monitor,Medidata Read Only,OL Role,Rave Imaging Integration,RSG Case Handler,SAE Administrator,SAE Case Handler,Site Coordinator,Site Coordinator - IVRS,Site Monitor,Study Developer | AS98: FALSE | AT98: 403803 | AU98: 0 | AV98: 271726 | AW98: 0
A99: CM1 | B99: CM1YN | C99: 1 | E99: CM1YN | F99: TRUE | G99: CM1YN | H99: 2 | I99: YesNo | L99: RadioButton | N99: 0 | O99: Did the subject take any IIM/SSc medications? | S99: TRUE | T99: FALSE | V99: Did the subject take any IIM/SSc medications? | Y99: TRUE | Z99: FALSE | AA99: TRUE | AB99: FALSE | AD99: FALSE | AE99: TRUE | AF99: FALSE | AG99: FALSE | AH99: FALSE | AI99: FALSE | AJ99: FALSE | AK99: FALSE | AR99: Data Manager | AS99: FALSE | AT99: 405009 | AU99: 0 | AV99: 272605 | AW99: 0
A100: CM1 | B100: CM1TRT | C100: 2 | E100: CM1TRT | F100: TRUE | G100: CM1TRT | H100: $500 | K100: WHODrug-Global-B3 (Coder) | L100: LongText | N100: 0 | O100: Medication Name | S100: TRUE | T100: TRUE | V100: Medication Name | Y100: TRUE | Z100: FALSE | AA100: TRUE | AB100: FALSE | AD100: FALSE | AE100: TRUE | AF100: FALSE | AG100: FALSE | AH100: FALSE | AI100: FALSE | AJ100: FALSE | AK100: FALSE | AR100: Data Manager | AS100: FALSE | AT100: 405008 | AU100: 0 | AV100: 272606 | AW100: 0
A101: CM1 | B101: CM1STDAT | C101: 3 | E101: CM1STDAT | F101: TRUE | G101: CM1STDAT | H101: yyyy-/mm-/dd- | L101: DateTime | N101: 0 | O101: Start Date | S101: TRUE | T101: TRUE | V101: Start Date | Y101: TRUE | Z101: TRUE | AA101: TRUE | AB101: FALSE | AD101: FALSE | AE101: TRUE | AF101: FALSE | AG101: FALSE | AH101: FALSE | AI101: FALSE | AJ101: FALSE | AK101: FALSE | AR101: Data Manager | AS101: FALSE | AT101: 405007 | AU101: 0 | AV101: 272607 | AW101: 0
A102: CM1 | B102: CM1ONGO | C102: 4 | E102: CM1ONGO | F102: TRUE | G102: CM1ONGO | H102: 2 | I102: YesNo | L102: RadioButton | N102: 0 | O102: Ongoing? | S102: TRUE | T102: TRUE | V102: Ongoing? | Y102: TRUE | Z102: FALSE | AA102: TRUE | AB102: FALSE | AD102: FALSE | AE102: TRUE | AF102: FALSE | AG102: FALSE | AH102: FALSE | AI102: FALSE | AJ102: FALSE | AK102: FALSE | AR102: Data Manager | AS102: FALSE | AT102: 405003 | AU102: 0 | AV102: 272608 | AW102: 0
A103: CM1 | B103: CM1ENDAT | C103: 5 | E103: CM1ENDAT | F103: TRUE | G103: CM1ENDAT | H103: yyyy-/mm-/dd- | L103: DateTime | N103: 0 | O103: End Date | S103: TRUE | T103: TRUE | V103: End Date | Y103: TRUE | Z103: TRUE | AA103: FALSE | AB103: FALSE | AD103: FALSE | AE103: TRUE | AF103: FALSE | AG103: FALSE | AH103: FALSE | AI103: FALSE | AJ103: FALSE | AK103: FALSE | AR103: Data Manager | AS103: FALSE | AT103: 404998 | AU103: 0 | AV103: 272609 | AW103: 0
A104: CM1 | B104: CM1PREYN | C104: 6 | E104: CM1PREYN | F104: TRUE | G104: CM1PREYN | H104: 2 | I104: YesNo | L104: RadioButton | N104: 0 | O104: Whether the medication started before collection of mononuclear cells? | S104: TRUE | T104: TRUE | V104: Whether the medication started before collection of mononuclear cells? | Y104: TRUE | Z104: FALSE | AA104: TRUE | AB104: FALSE | AD104: FALSE | AE104: TRUE | AF104: FALSE | AG104: FALSE | AH104: FALSE | AI104: FALSE | AJ104: FALSE | AK104: FALSE | AR104: Data Manager | AS104: FALSE | AT104: 405004 | AU104: 0 | AV104: 272610 | AW104: 0
A105: CM1 | B105: CM1INDC | C105: 7 | E105: CM1INDC | F105: TRUE | G105: CM1INDC | H105: 2 | I105: CM1 Indication | L105: DropDownList | N105: 0 | O105: Indication Type | S105: TRUE | T105: TRUE | V105: Indication Type | Y105: TRUE | Z105: FALSE | AA105: TRUE | AB105: FALSE | AD105: FALSE | AE105: TRUE | AF105: FALSE | AG105: FALSE | AH105: FALSE | AI105: FALSE | AJ105: FALSE | AK105: FALSE | AR105: Data Manager | AS105: FALSE | AT105: 405001 | AU105: 0 | AV105: 272611 | AW105: 0
A106: CM1 | B106: CM1INDCO | C106: 8 | E106: CM1INDCO | F106: TRUE | G106: CM1INDCO | H106: $200 | L106: LongText | N106: 0 | O106: If Other, please specify | S106: TRUE | T106: TRUE | V106: If Other, please specify | Y106: TRUE | Z106: FALSE | AA106: FALSE | AB106: FALSE | AD106: FALSE | AE106: TRUE | AF106: FALSE | AG106: FALSE | AH106: FALSE | AI106: FALSE | AJ106: FALSE | AK106: FALSE | AR106: Data Manager | AS106: FALSE | AT106: 405002 | AU106: 0 | AV106: 272612 | AW106: 0
A107: CM1 | B107: CM1DOSE | C107: 9 | E107: CM1DOSE | F107: TRUE | G107: CM1DOSE | H107: $10 | L107: Text | N107: 0 | O107: Single Dose | S107: TRUE | T107: TRUE | V107: Single Dose | Y107: TRUE | Z107: FALSE | AA107: TRUE | AB107: FALSE | AD107: FALSE | AE107: TRUE | AF107: FALSE | AG107: FALSE | AH107: FALSE | AI107: FALSE | AJ107: FALSE | AK107: FALSE | AR107: Data Manager | AS107: FALSE | AT107: 404995 | AU107: 0 | AV107: 272613 | AW107: 0
A108: CM1 | B108: CM1DOSU | C108: 10 | E108: CM1DOSU | F108: TRUE | G108: CM1DOSU | H108: 2 | I108: unit2 | L108: DropDownList | N108: 0 | O108: Units | S108: TRUE | T108: TRUE | V108: Units | Y108: TRUE | Z108: FALSE | AA108: TRUE | AB108: FALSE | AD108: FALSE | AE108: TRUE | AF108: FALSE | AG108: FALSE | AH108: FALSE | AI108: FALSE | AJ108: FALSE | AK108: FALSE | AR108: Data Manager | AS108: FALSE | AT108: 404996 | AU108: 0 | AV108: 272614 | AW108: 0
A109: CM1 | B109: CM1DOSUO | C109: 11 | E109: CM1DOSUO | F109: TRUE | G109: CM1DOSUO | H109: $50 | L109: Text | N109: 0 | O109: If Other, please specify | S109: TRUE | T109: TRUE | V109: If Other, please specify | Y109: TRUE | Z109: FALSE | AA109: FALSE | AB109: FALSE | AD109: FALSE | AE109: TRUE | AF109: FALSE | AG109: FALSE | AH109: FALSE | AI109: FALSE | AJ109: FALSE | AK109: FALSE | AR109: Data Manager | AS109: FALSE | AT109: 404997 | AU109: 0 | AV109: 272615 | AW109: 0
A110: CM1 | B110: CM1FRQ | C110: 12 | E110: CM1FRQ | F110: TRUE | G110: CM1FRQ | H110: 2 | I110: frequency1 | L110: DropDownList | N110: 0 | O110: Frequency | S110: TRUE | T110: TRUE | V110: Frequency | Y110: TRUE | Z110: FALSE | AA110: TRUE | AB110: FALSE | AD110: FALSE | AE110: TRUE | AF110: FALSE | AG110: FALSE | AH110: FALSE | AI110: FALSE | AJ110: FALSE | AK110: FALSE | AR110: Data Manager | AS110: FALSE | AT110: 404999 | AU110: 0 | AV110: 272616 | AW110: 0
A111: CM1 | B111: CM1FRQO | C111: 13 | E111: CM1FRQO | F111: TRUE | G111: CM1FRQO | H111: $50 | L111: LongText | N111: 0 | O111: If Other, please specify | S111: TRUE | T111: TRUE | V111: If Other, please specify | Y111: TRUE | Z111: FALSE | AA111: FALSE | AB111: FALSE | AD111: FALSE | AE111: TRUE | AF111: FALSE | AG111: FALSE | AH111: FALSE | AI111: FALSE | AJ111: FALSE | AK111: FALSE | AR111: Data Manager | AS111: FALSE | AT111: 405000 | AU111: 0 | AV111: 272617 | AW111: 0
A112: CM1 | B112: CM1ROUTE | C112: 14 | E112: CM1ROUTE | F112: TRUE | G112: CM1ROUTE | H112: 2 | I112: route2 | L112: DropDownList | N112: 0 | O112: Route | S112: TRUE | T112: TRUE | V112: Route | Y112: TRUE | Z112: FALSE | AA112: TRUE | AB112: FALSE | AD112: FALSE | AE112: TRUE | AF112: FALSE | AG112: FALSE | AH112: FALSE | AI112: FALSE | AJ112: FALSE | AK112: FALSE | AR112: Data Manager | AS112: FALSE | AT112: 405005 | AU112: 0 | AV112: 272618 | AW112: 0
A113: CM1 | B113: CM1ROUTO | C113: 15 | E113: CM1ROUTO | F113: TRUE | G113: CM1ROUTO | H113: $50 | L113: LongText | N113: 0 | O113: If Other, please specify | S113: TRUE | T113: TRUE | V113: If Other, please specify | Y113: TRUE | Z113: FALSE | AA113: FALSE | AB113: FALSE | AD113: FALSE | AE113: TRUE | AF113: FALSE | AG113: FALSE | AH113: FALSE | AI113: FALSE | AJ113: FALSE | AK113: FALSE | AR113: Data Manager | AS113: FALSE | AT113: 405006 | AU113: 0 | AV113: 272619 | AW113: 0
A114: CM1 | B114: CURRTIM | C114: 16 | E114: CURRTIM | F114: TRUE | G114: CURRTIM | H114: yyyy/mm/dd HH:nn:ss | L114: DateTime | N114: 0 | O114: Current Time (Derived) | S114: FALSE | T114: FALSE | V114: Current Time (Derived) | Y114: FALSE | Z114: FALSE | AA114: TRUE | AB114: FALSE | AD114: FALSE | AE114: FALSE | AF114: FALSE | AG114: FALSE | AH114: FALSE | AI114: FALSE | AJ114: FALSE | AK114: TRUE | AP114: Coder Import Role,Batch Upload,Rave Imaging Integration,OL Role,Site Coordinator - IVRS,Investigator - IVRS,Data Manager,AZ Read Only,Site Monitor,Coder,SAE Administrator,SAE Case Handler,RSG Case Handler,Study Developer,AZ Review and Query,Adjudicator,External Read Only,Agency Inspector,Site Coordinator,Investigator,Medidata Read Only,Medical Monitor | AQ114: Adjudicator,Agency Inspector,AZ Read Only,AZ Review and Query,Batch Upload,Coder,Coder Import Role,Data Manager,External Read Only,Investigator,Investigator - IVRS,Medical Monitor,Medidata Read Only,OL Role,Rave Imaging Integration,RSG Case Handler,SAE Administrator,SAE Case Handler,Site Coordinator,Site Coordinator - IVRS,Site Monitor,Study Developer | AS114: FALSE | AT114: 405010 | AU114: 0 | AV114: 271726 | AW114: 0
A115: PR2 | B115: PR2YN | C115: 1 | E115: PR2YN | F115: TRUE | G115: PR2YN | H115: 2 | I115: YesNo | L115: RadioButton | N115: 0 | O115: Were there any procedures or Therapies for IIM/SSc? | S115: TRUE | T115: FALSE | V115: Were there any procedures or Therapies for IIM/SSc? | Y115: TRUE | Z115: FALSE | AA115: TRUE | AB115: FALSE | AD115: FALSE | AE115: TRUE | AF115: FALSE | AG115: FALSE | AH115: FALSE | AI115: FALSE | AJ115: FALSE | AK115: FALSE | AR115: Data Manager | AS115: FALSE | AT115: 405033 | AU115: 0 | AV115: 272620 | AW115: 0
A116: PR2 | B116: PR2TRT | C116: 2 | E116: PR2TRT | F116: TRUE | G116: PR2TRT | H116: $500 | K116: MedDRA (Coder) | L116: LongText | N116: 0 | O116: Procedure/Therapy | S116: TRUE | T116: TRUE | V116: Procedure/Therapy | Y116: TRUE | Z116: FALSE | AA116: TRUE | AB116: FALSE | AD116: FALSE | AE116: TRUE | AF116: FALSE | AG116: FALSE | AH116: FALSE | AI116: FALSE | AJ116: FALSE | AK116: FALSE | AR116: Data Manager | AS116: FALSE | AT116: 405032 | AU116: 0 | AV116: 272621 | AW116: 0
A117: PR2 | B117: PR2INDC | C117: 3 | E117: PR2INDC | F117: TRUE | G117: PR2INDC | H117: 2 | I117: PR2 Indication | L117: DropDownList | N117: 0 | O117: Indication Type | S117: TRUE | T117: TRUE | V117: Indication Type | Y117: TRUE | Z117: FALSE | AA117: TRUE | AB117: FALSE | AD117: FALSE | AE117: TRUE | AF117: FALSE | AG117: FALSE | AH117: FALSE | AI117: FALSE | AJ117: FALSE | AK117: FALSE | AR117: Data Manager | AS117: FALSE | AT117: 405029 | AU117: 0 | AV117: 272622 | AW117: 0
A118: PR2 | B118: PR2STDAT | C118: 4 | E118: PR2STDAT | F118: TRUE | G118: PR2STDAT | H118: yyyy-/mm-/dd- | L118: DateTime | N118: 0 | O118: Start Date | S118: TRUE | T118: TRUE | V118: Start Date | Y118: TRUE | Z118: TRUE | AA118: TRUE | AB118: FALSE | AD118: FALSE | AE118: TRUE | AF118: FALSE | AG118: FALSE | AH118: FALSE | AI118: FALSE | AJ118: FALSE | AK118: FALSE | AR118: Data Manager | AS118: FALSE | AT118: 405031 | AU118: 0 | AV118: 272623 | AW118: 0
A119: PR2 | B119: PR2ONGO | C119: 5 | E119: PR2ONGO | F119: TRUE | G119: PR2ONGO | H119: 2 | I119: YesNo | L119: RadioButton | N119: 0 | O119: Ongoing? | S119: TRUE | T119: TRUE | V119: Ongoing? | Y119: TRUE | Z119: FALSE | AA119: TRUE | AB119: FALSE | AD119: FALSE | AE119: TRUE | AF119: FALSE | AG119: FALSE | AH119: FALSE | AI119: FALSE | AJ119: FALSE | AK119: FALSE | AR119: Data Manager | AS119: FALSE | AT119: 405030 | AU119: 0 | AV119: 272624 | AW119: 0
A120: PR2 | B120: PR2ENDAT | C120: 6 | E120: PR2ENDAT | F120: TRUE | G120: PR2ENDAT | H120: yyyy-/mm-/dd- | L120: DateTime | N120: 0 | O120: End Date | S120: TRUE | T120: TRUE | V120: End Date | Y120: TRUE | Z120: TRUE | AA120: FALSE | AB120: FALSE | AD120: FALSE | AE120: TRUE | AF120: FALSE | AG120: FALSE | AH120: FALSE | AI120: FALSE | AJ120: FALSE | AK120: FALSE | AR120: Data Manager | AS120: FALSE | AT120: 405028 | AU120: 0 | AV120: 272625 | AW120: 0
A121: PR2 | B121: CURRTIM | C121: 7 | E121: CURRTIM | F121: TRUE | G121: CURRTIM | H121: yyyy/mm/dd HH:nn:ss | L121: DateTime | N121: 0 | O121: Current Time (Derived) | S121: FALSE | T121: FALSE | V121: Current Time (Derived) | Y121: FALSE | Z121: FALSE | AA121: TRUE | AB121: FALSE | AD121: FALSE | AE121: FALSE | AF121: FALSE | AG121: FALSE | AH121: FALSE | AI121: FALSE | AJ121: FALSE | AK121: TRUE | AP121: Coder Import Role,Batch Upload,Rave Imaging Integration,OL Role,Site Coordinator - IVRS,Investigator - IVRS,Data Manager,AZ Read Only,Site Monitor,Coder,SAE Administrator,SAE Case Handler,RSG Case Handler,Study Developer,AZ Review and Query,Adjudicator,External Read Only,Agency Inspector,Site Coordinator,Investigator,Medidata Read Only,Medical Monitor | AQ121: Adjudicator,Agency Inspector,AZ Read Only,AZ Review and Query,Batch Upload,Coder,Coder Import Role,Data Manager,External Read Only,Investigator,Investigator - IVRS,Medical Monitor,Medidata Read Only,OL Role,Rave Imaging Integration,RSG Case Handler,SAE Administrator,SAE Case Handler,Site Coordinator,Site Coordinator - IVRS,Site Monitor,Study Developer | AS121: FALSE | AT121: 405027 | AU121: 0 | AV121: 271726 | AW121: 0
A122: SU | B122: SUYN | C122: 1 | E122: SUYN | F122: TRUE | G122: SUYN | H122: 2 | I122: YesNo | L122: RadioButton | N122: 0 | O122: Any Allergy History? | S122: TRUE | T122: FALSE | V122: Any Allergy History? | Y122: TRUE | Z122: FALSE | AA122: TRUE | AB122: FALSE | AD122: FALSE | AE122: TRUE | AF122: FALSE | AG122: FALSE | AH122: FALSE | AI122: FALSE | AJ122: FALSE | AK122: FALSE | AR122: Data Manager | AS122: FALSE | AT122: 403996 | AU122: 0 | AV122: 271602 | AW122: 0
A123: SU | B123: SUCAT | C123: 2 | E123: SUCAT | F123: TRUE | G123: SUCAT | H123: 2 | I123: Allergy Type | L123: RadioButton (Vertical) | N123: 0 | O123: Allergy Type | S123: TRUE | T123: TRUE | V123: Allergy Type | Y123: TRUE | Z123: FALSE | AA123: TRUE | AB123: FALSE | AD123: FALSE | AE123: TRUE | AF123: FALSE | AG123: FALSE | AH123: FALSE | AI123: FALSE | AJ123: FALSE | AK123: FALSE | AR123: Data Manager | AS123: FALSE | AT123: 403994 | AU123: 0 | AV123: 271603 | AW123: 0
A124: SU | B124: SUTRT | C124: 3 | E124: SUTRT | F124: TRUE | G124: SUTRT | H124: $500 | L124: LongText | N124: 0 | O124: Specific Allergens | S124: TRUE | T124: TRUE | V124: Specific Allergens | Y124: TRUE | Z124: FALSE | AA124: TRUE | AB124: FALSE | AD124: FALSE | AE124: TRUE | AF124: FALSE | AG124: FALSE | AH124: FALSE | AI124: FALSE | AJ124: FALSE | AK124: FALSE | AR124: Data Manager | AS124: FALSE | AT124: 403995 | AU124: 0 | AV124: 271604 | AW124: 0
A125: SU | B125: CURRTIM | C125: 4 | E125: CURRTIM | F125: TRUE | G125: CURRTIM | H125: yyyy/mm/dd HH:nn:ss | L125: DateTime | N125: 0 | O125: Current Time (Derived) | S125: FALSE | T125: FALSE | V125: Current Time (Derived) | Y125: FALSE | Z125: FALSE | AA125: TRUE | AB125: FALSE | AD125: FALSE | AE125: FALSE | AF125: FALSE | AG125: FALSE | AH125: FALSE | AI125: FALSE | AJ125: FALSE | AK125: TRUE | AP125: Coder Import Role,Batch Upload,Rave Imaging Integration,OL Role,Site Coordinator - IVRS,Investigator - IVRS,Data Manager,AZ Read Only,Site Monitor,Coder,SAE Administrator,SAE Case Handler,RSG Case Handler,Study Developer,AZ Review and Query,Adjudicator,External Read Only,Agency Inspector,Site Coordinator,Investigator,Medidata Read Only,Medical Monitor | AQ125: Adjudicator,Agency Inspector,AZ Read Only,AZ Review and Query,Batch Upload,Coder,Coder Import Role,Data Manager,External Read Only,Investigator,Investigator - IVRS,Medical Monitor,Medidata Read Only,OL Role,Rave Imaging Integration,RSG Case Handler,SAE Administrator,SAE Case Handler,Site Coordinator,Site Coordinator - IVRS,Site Monitor,Study Developer | AS125: FALSE | AT125: 403993 | AU125: 0 | AV125: 271726 | AW125: 0
A126: PR1 | B126: PR1YN | C126: 1 | E126: PR1YN | F126: TRUE | G126: PR1YN | H126: 2 | I126: YesNo | L126: RadioButton | N126: 0 | O126: Were any surgical procedures performed? | S126: TRUE | T126: FALSE | V126: Were any surgical procedures performed? | Y126: TRUE | Z126: FALSE | AA126: TRUE | AB126: FALSE | AD126: FALSE | AE126: TRUE | AF126: FALSE | AG126: FALSE | AH126: FALSE | AI126: FALSE | AJ126: FALSE | AK126: FALSE | AR126: Data Manager | AS126: FALSE | AT126: 404001 | AU126: 0 | AV126: 271605 | AW126: 0
A127: PR1 | B127: PR1TRT | C127: 2 | E127: PR1TRT | F127: TRUE | G127: PR1TRT | H127: $500 | K127: MedDRA (Coder) | L127: LongText | N127: 0 | O127: Procedure name | S127: TRUE | T127: TRUE | V127: Procedure name | Y127: TRUE | Z127: FALSE | AA127: TRUE | AB127: FALSE | AD127: FALSE | AE127: TRUE | AF127: FALSE | AG127: FALSE | AH127: FALSE | AI127: FALSE | AJ127: FALSE | AK127: FALSE | AR127: Data Manager | AS127: FALSE | AT127: 404000 | AU127: 0 | AV127: 271606 | AW127: 0
A128: PR1 | B128: PR1STDAT | C128: 3 | E128: PR1STDAT | F128: TRUE | G128: PR1STDAT | H128: yyyy-/mm-/dd- | L128: DateTime | N128: 0 | O128: Procedure Date | S128: TRUE | T128: TRUE | V128: Procedure Date | Y128: TRUE | Z128: TRUE | AA128: TRUE | AB128: FALSE | AD128: FALSE | AE128: TRUE | AF128: FALSE | AG128: FALSE | AH128: FALSE | AI128: FALSE | AJ128: FALSE | AK128: FALSE | AR128: Data Manager | AS128: FALSE | AT128: 403999 | AU128: 0 | AV128: 271607 | AW128: 0
A129: PR1 | B129: PR1REAS | C129: 4 | E129: PR1REAS | F129: TRUE | G129: PR1REAS | H129: $500 | L129: LongText | N129: 0 | O129: Procedure Reason | S129: TRUE | T129: TRUE | V129: Procedure Reason | Y129: TRUE | Z129: FALSE | AA129: TRUE | AB129: FALSE | AD129: FALSE | AE129: TRUE | AF129: FALSE | AG129: FALSE | AH129: FALSE | AI129: FALSE | AJ129: FALSE | AK129: FALSE | AR129: Data Manager | AS129: FALSE | AT129: 403998 | AU129: 0 | AV129: 272429 | AW129: 0
A130: PR1 | B130: CURRTIM | C130: 5 | E130: CURRTIM | F130: TRUE | G130: CURRTIM | H130: yyyy/mm/dd HH:nn:ss | L130: DateTime | N130: 0 | O130: Current Time (Derived) | S130: FALSE | T130: FALSE | V130: Current Time (Derived) | Y130: FALSE | Z130: FALSE | AA130: TRUE | AB130: FALSE | AD130: FALSE | AE130: FALSE | AF130: FALSE | AG130: FALSE | AH130: FALSE | AI130: FALSE | AJ130: FALSE | AK130: TRUE | AP130: Coder Import Role,Batch Upload,Rave Imaging Integration,OL Role,Site Coordinator - IVRS,Investigator - IVRS,Data Manager,AZ Read Only,Site Monitor,Coder,SAE Administrator,SAE Case Handler,RSG Case Handler,Study Developer,AZ Review and Query,Adjudicator,External Read Only,Agency Inspector,Site Coordinator,Investigator,Medidata Read Only,Medical Monitor | AQ130: Adjudicator,Agency Inspector,AZ Read Only,AZ Review and Query,Batch Upload,Coder,Coder Import Role,Data Manager,External Read Only,Investigator,Investigator - IVRS,Medical Monitor,Medidata Read Only,OL Role,Rave Imaging Integration,RSG Case Handler,SAE Administrator,SAE Case Handler,Site Coordinator,Site Coordinator - IVRS,Site Monitor,Study Developer | AS130: FALSE | AT130: 403997 | AU130: 0 | AV130: 271726 | AW130: 0
A131: HEI | B131: HEIPERF | C131: 1 | E131: HEIPERF | F131: TRUE | G131: HEIPERF | H131: 2 | I131: YesNo | L131: RadioButton | N131: 0 | O131: Was the Height performed? | S131: TRUE | T131: FALSE | V131: Was the Height performed? | Y131: TRUE | Z131: FALSE | AA131: TRUE | AB131: FALSE | AD131: FALSE | AE131: TRUE | AF131: FALSE | AG131: FALSE | AH131: FALSE | AI131: FALSE | AJ131: FALSE | AK131: FALSE | AR131: Data Manager | AS131: FALSE | AT131: 403825 | AU131: 0 | AV131: 271608 | AW131: 0
A132: HEI | B132: HEIRSND | C132: 2 | E132: HEIRSND | F132: TRUE | G132: HEIRSND | H132: $200 | L132: LongText | N132: 0 | O132: If 'No', specify reason: | S132: TRUE | T132: FALSE | V132: If 'No', specify reason: | Y132: TRUE | Z132: FALSE | AA132: FALSE | AB132: FALSE | AD132: FALSE | AE132: TRUE | AF132: FALSE | AG132: FALSE | AH132: FALSE | AI132: FALSE | AJ132: FALSE | AK132: FALSE | AR132: Data Manager | AS132: FALSE | AT132: 403826 | AU132: 0 | AV132: 271609 | AW132: 0
A133: HEI | B133: HEIDAT | C133: 3 | E133: HEIDAT | F133: TRUE | G133: HEIDAT | H133: yyyy/mm/dd | L133: DateTime | N133: 0 | O133: Date of Measurement | S133: TRUE | T133: FALSE | V133: Date of Measurement | Y133: TRUE | Z133: TRUE | AA133: FALSE | AB133: FALSE | AD133: FALSE | AE133: TRUE | AF133: FALSE | AG133: FALSE | AH133: FALSE | AI133: FALSE | AJ133: FALSE | AK133: FALSE | AR133: Data Manager | AS133: FALSE | AT133: 403823 | AU133: 0 | AV133: 271610 | AW133: 0
A134: HEI | B134: HEIGHT | C134: 4 | E134: HEIGHT | F134: TRUE | G134: HEIGHT | H134: 4.1 | L134: Text | N134: 0 | O134: Height | P134: cm | S134: TRUE | T134: FALSE | V134: Height | Y134: TRUE | Z134: FALSE | AA134: FALSE | AB134: FALSE | AD134: FALSE | AE134: TRUE | AF134: FALSE | AG134: FALSE | AH134: FALSE | AI134: FALSE | AJ134: FALSE | AK134: FALSE | AR134: Data Manager | AS134: FALSE | AT134: 403824 | AU134: 0 | AV134: 271611 | AW134: 0
A135: WEI | B135: WEIPERF | C135: 1 | E135: WEIPERF | F135: TRUE | G135: WEIPERF | H135: 2 | I135: YesNo | L135: RadioButton | N135: 0 | O135: Was the weight performed? | S135: TRUE | T135: FALSE | V135: Was the weight performed? | Y135: TRUE | Z135: FALSE | AA135: TRUE | AB135: FALSE | AD135: FALSE | AE135: TRUE | AF135: FALSE | AG135: FALSE | AH135: FALSE | AI135: FALSE | AJ135: FALSE | AK135: FALSE | AR135: Data Manager | AS135: FALSE | AT135: 403829 | AU135: 0 | AV135: 271612 | AW135: 0
A136: WEI | B136: WEIRSND | C136: 2 | E136: WEIRSND | F136: TRUE | G136: WEIRSND | H136: $200 | L136: LongText | N136: 0 | O136: If 'No', specify reason: | S136: TRUE | T136: FALSE | V136: If 'No', specify reason: | Y136: TRUE | Z136: FALSE | AA136: FALSE | AB136: FALSE | AD136: FALSE | AE136: TRUE | AF136: FALSE | AG136: FALSE | AH136: FALSE | AI136: FALSE | AJ136: FALSE | AK136: FALSE | AR136: Data Manager | AS136: FALSE | AT136: 403830 | AU136: 0 | AV136: 271613 | AW136: 0
A137: WEI | B137: WEIDAT | C137: 3 | E137: WEIDAT | F137: TRUE | G137: WEIDAT | H137: yyyy/mm/dd | L137: DateTime | N137: 0 | O137: Date of Measurement | S137: TRUE | T137: FALSE | V137: Date of Measurement | Y137: TRUE | Z137: TRUE | AA137: FALSE | AB137: FALSE | AD137: FALSE | AE137: TRUE | AF137: FALSE | AG137: FALSE | AH137: FALSE | AI137: FALSE | AJ137: FALSE | AK137: FALSE | AR137: Data Manager | AS137: FALSE | AT137: 403827 | AU137: 0 | AV137: 271614 | AW137: 0
A138: WEI | B138: WEIGHT | C138: 4 | E138: WEIGHT | F138: TRUE | G138: WEIGHT | H138: 4.1 | L138: Text | N138: 0 | O138: Weight | P138: kg | S138: TRUE | T138: FALSE | V138: Weight | Y138: TRUE | Z138: FALSE | AA138: FALSE | AB138: FALSE | AD138: FALSE | AE138: TRUE | AF138: FALSE | AG138: FALSE | AH138: FALSE | AI138: FALSE | AJ138: FALSE | AK138: FALSE | AR138: Data Manager | AS138: FALSE | AT138: 403828 | AU138: 0 | AV138: 271615 | AW138: 0
A139: CV1 | B139: CV1PERF | C139: 1 | E139: CV1PERF | F139: TRUE | G139: CV1PERF | H139: 2 | I139: YesNo | L139: RadioButton | N139: 0 | O139: Has the chest X-ray been performed? | S139: TRUE | T139: FALSE | V139: Has the chest X-ray been performed? | Y139: TRUE | Z139: FALSE | AA139: TRUE | AB139: FALSE | AD139: FALSE | AE139: TRUE | AF139: FALSE | AG139: FALSE | AH139: FALSE | AI139: FALSE | AJ139: FALSE | AK139: FALSE | AR139: Data Manager | AS139: FALSE | AT139: 404017 | AU139: 0 | AV139: 271616 | AW139: 0
A140: CV1 | B140: CV1RSND | C140: 2 | E140: CV1RSND | F140: TRUE | G140: CV1RSND | H140: $200 | L140: LongText | N140: 0 | O140: If 'No', specify reason | S140: TRUE | T140: FALSE | V140: If 'No', specify reason | Y140: TRUE | Z140: FALSE | AA140: FALSE | AB140: FALSE | AD140: FALSE | AE140: TRUE | AF140: FALSE | AG140: FALSE | AH140: FALSE | AI140: FALSE | AJ140: FALSE | AK140: FALSE | AR140: Data Manager | AS140: FALSE | AT140: 404018 | AU140: 0 | AV140: 271617 | AW140: 0
A141: CV1 | B141: CV1DAT | C141: 3 | E141: CV1DAT | F141: TRUE | G141: CV1DAT | H141: yyyy/mm/dd | L141: DateTime | N141: 0 | O141: Date of Examination | S141: TRUE | T141: FALSE | V141: Date of Examination | Y141: TRUE | Z141: TRUE | AA141: FALSE | AB141: FALSE | AD141: FALSE | AE141: TRUE | AF141: FALSE | AG141: FALSE | AH141: FALSE | AI141: FALSE | AJ141: FALSE | AK141: FALSE | AR141: Data Manager | AS141: FALSE | AT141: 404008 | AU141: 0 | AV141: 271618 | AW141: 0
A142: CV1 | B142: CV1ORRES | C142: 4 | E142: CV1ORRES | F142: TRUE | G142: CV1ORRES | H142: $500 | L142: LongText | N142: 0 | O142: Findings | S142: TRUE | T142: FALSE | V142: Findings | Y142: TRUE | Z142: FALSE | AA142: FALSE | AB142: FALSE | AD142: FALSE | AE142: TRUE | AF142: FALSE | AG142: FALSE | AH142: FALSE | AI142: FALSE | AJ142: FALSE | AK142: FALSE | AR142: Data Manager | AS142: FALSE | AT142: 404015 | AU142: 0 | AV142: 271619 | AW142: 0
A143: CV1 | B143: CV1CLSIG | C143: 5 | E143: CV1CLSIG | F143: TRUE | G143: CV1CLSIG | H143: 2 | I143: Clinical Significance | L143: RadioButton (Vertical) | N143: 0 | O143: Clinical Significance | S143: TRUE | T143: FALSE | V143: Clinical Significance | Y143: TRUE | Z143: FALSE | AA143: FALSE | AB143: FALSE | AD143: FALSE | AE143: TRUE | AF143: FALSE | AG143: FALSE | AH143: FALSE | AI143: FALSE | AJ143: FALSE | AK143: FALSE | AR143: Data Manager | AS143: FALSE | AT143: 404007 | AU143: 0 | AV143: 271620 | AW143: 0
A144: CV1 | B144: CV1MHYN | C144: 6 | E144: CV1MHYN | F144: TRUE | G144: CV1MHYN | H144: 2 | I144: Improved compare | L144: RadioButton | N144: 0 | O144: Related to the study disease | S144: TRUE | T144: FALSE | V144: Related to the study disease | Y144: TRUE | Z144: FALSE | AA144: FALSE | AB144: FALSE | AD144: FALSE | AE144: TRUE | AF144: FALSE | AG144: FALSE | AH144: FALSE | AI144: FALSE | AJ144: FALSE | AK144: FALSE | AR144: Data Manager | AS144: FALSE | AT144: 404014 | AU144: 0 | AV144: 272576 | AW144: 0
A145: CV1 | B145: CV1MHNO1 | C145: 7 | E145: CV1MHNO1 | F145: TRUE | G145: MHNO | H145: $999 | L145: Dynamic SearchList | N145: 0 | O145: Medical History #1 | S145: TRUE | T145: FALSE | V145: Medical History #1 | Y145: FALSE | Z145: FALSE | AA145: FALSE | AB145: FALSE | AD145: FALSE | AE145: TRUE | AF145: FALSE | AG145: FALSE | AH145: FALSE | AI145: FALSE | AJ145: FALSE | AK145: FALSE | AR145: Data Manager | AS145: FALSE | AT145: 404009 | AU145: 0 | AV145: 271621 | AW145: 0
A146: CV1 | B146: CV1MHNO2 | C146: 8 | E146: CV1MHNO2 | F146: TRUE | G146: MHNO | H146: $999 | L146: Dynamic SearchList | N146: 0 | O146: Medical History #2 | S146: TRUE | T146: FALSE | V146: Medical History #2 | Y146: FALSE | Z146: FALSE | AA146: FALSE | AB146: FALSE | AD146: FALSE | AE146: TRUE | AF146: FALSE | AG146: FALSE | AH146: FALSE | AI146: FALSE | AJ146: FALSE | AK146: FALSE | AR146: Data Manager | AS146: FALSE | AT146: 404010 | AU146: 0 | AV146: 271621 | AW146: 0
...

Sheet Folders
A1: OID | B1: Ordinal | C1: FolderName | D1: AccessDays | E1: StartWinDays | F1: Targetdays | G1: EndWinDays | H1: OverDueDays | I1: CloseDays | J1: ParentFolderOID | K1: IsReusable | L1: DownloadedFromObjectId | M1: SourceObjectId | N1: SourceUrlId
A2: BASE | B2: 4 | C2: Baseline Period | K2: FALSE | L2: 15190 | M2: 0
A3: COL1 | B3: 2 | C3: Apheresis collection Day | K3: FALSE | L3: 15191 | M3: 0
A4: COL2 | B4: 3 | C4: Second Apheresis collection Day | K4: FALSE | L4: 15192 | M4: 0
A5: EC1 | B5: 5 | C5: Lymphodepletion Pretreatment Period | K5: FALSE | L5: 15193 | M5: 0
A6: EC2 | B6: 6 | C6: GC012F Infusion | K6: FALSE | L6: 15194 | M6: 0
A7: EOS1 | B7: 27 | C7: End of Study Visit | K7: FALSE | L7: 15195 | M7: 0
A8: EOS2 | B8: 31 | C8: End of Study | K8: FALSE | L8: 15196 | M8: 0
A9: GF | B9: 29 | C9: General forms | K9: TRUE | L9: 15197 | M9: 0
A10: LFU1 | B10: 19 | C10: Long-term Follow-up (D840±14) | K10: FALSE | L10: 15198 | M10: 0
A11: LFU2 | B11: 20 | C11: Long-term Follow-up (D1008±14) | K11: FALSE | L11: 15199 | M11: 0
A12: LFU3 | B12: 21 | C12: Long-term Follow-up (D1176±14) | K12: FALSE | L12: 15200 | M12: 0
A13: LFU4 | B13: 22 | C13: Long-term Follow-up (D1344±14) | K13: FALSE | L13: 15201 | M13: 0
... A32: WS | B32: 26 | C32: Withdrawal Visit | K32: FALSE | L32: 15220 | M32: 0

Sheet DataDictionaries
A1: DataDictionaryName | B1: OID | C1: DownloadedFromObjectId | D1: SourceObjectId | E1: SourceUrlId
A2: adjustment1 | B2: ADJUSTMENT1 | C2: 56889 | D2: 0
A3: adjustment2 | B3: ADJUSTMENT2 | C3: 56890 | D3: 0
A4: AEACN1 | B4: AEACN1 | C4: 56891 | D4: 0
A5: AEACN2 | B5: AEACN2 | C5: 56892 | D5: 0
A6: AEOUT | B6: AEOUT | C6: 56893 | D6: 0
A7: AEREL | B7: AEREL | C7: 56894 | D7: 0
A8: AESI Type | B8: AESITYPE | C8: 56895 | D8: 0
A9: Allergy Type | B9: ALLERGYTYPE | C9: 56896 | D9: 0
A10: ASSESS1 | B10: ASSESS1 | C10: 56897 | D10: 0
A11: ASSESS2 | B11: ASSESS2 | C11: 56898 | D11: 0
A12: ASSESS3 | B12: ASSESS3 | C12: 56899 | D12: 0
A13: ASSESS4 | B13: ASSESS4 | C13: 56900 | D13: 0
... A88: YesNoNA | B88: YESNONA | C88: 56975 | D88: 0

Sheet DataDictionaryEntries
A1: DataDictionaryName | B1: CodedData | C1: Ordinal | D1: UserDataString | E1: Specify
A2: adjustment1 | B2: 1 | C2: 1 | D2: Dose Increased | E2: FALSE
A3: adjustment1 | B3: 2 | C3: 2 | D3: Dose Reduced | E3: FALSE
A4: adjustment1 | B4: 3 | C4: 3 | D4: Drug Interrupted | E4: FALSE
A5: adjustment1 | B5: 4 | C5: 4 | D5: Drug Permanently | E5: FALSE
A6: adjustment1 | B6: 5 | C6: 5 | D6: Discontinued | E6: FALSE
A7: adjustment2 | B7: 1 | C7: 1 | D7: Dose Increased | E7: FALSE
A8: adjustment2 | B8: 2 | C8: 2 | D8: Dose Reduced | E8: FALSE
A9: adjustment2 | B9: 3 | C9: 3 | D9: Drug Interrupted | E9: FALSE
A10: adjustment2 | B10: 4 | C10: 4 | D10: Drug Permanently Discontinued | E10: FALSE
A11: AEACN1 | B11: 1 | C11: 1 | D11: Dose Not Changed | E11: FALSE
A12: AEACN1 | B12: 2 | C12: 2 | D12: Dose Increased | E12: FALSE
... A489: YesNoNA | B489: 3 | C489: 3 | D489: NA | E489: FALSE

Sheet UnitDictionaries
A1: UnitDictionaryName | B1: StandardUnitName | C1: OID | D1: DownloadedFromObjectId | E1: SourceObjectId | F1: SourceUrlId

Sheet UnitDictionaryEntries
A1: UnitDictionaryName | B1: CodedUnit | C1: Ordinal | D1: ConstantA | E1: ConstantB | F1: ConstantC | G1: ConstantK | H1: UnitString

Sheet Matrices
A1: MatrixName | B1: OID | C1: Addable | D1: Maximum | E1: DownloadedFromObjectId | F1: SourceObjectId | G1: SourceUrlId
A2: Adverse Events | B2: AE | C2: TRUE | D2: 999 | E2: 12218 | F2: 0
A3: ALL_1_SSc | B3: ALL_1 | C3: FALSE | D3: 0 | E3: 12219 | F3: 1444
A4: ALL_2_IIM | B4: ALL_2 | C4: FALSE | D4: 0 | E4: 12220 | F4: 1444
A5: Baseline Period | B5: BASE | C5: FALSE | D5: 0 | E5: 12221 | F5: 0
A6: Apheresis collection Day & Withdrawal Visit & End of Study Visit | B6: COL1 | C6: FALSE | D6: 0 | E6: 12222 | F6: 0
A7: Second Apheresis collection Day | B7: COL2 | C7: TRUE | D7: 4 | E7: 12223 | F7: 0
A8: CRS ASTCT Criteria | B8: CRS | C8: TRUE | D8: 999 | E8: 12224 | F8: 0
A9: DEFAULT | B9: DEFAULT | C9: FALSE | D9: 0 | E9: 12225 | F9: 1444
A10: Lymphodepletion Pretreatment Period | B10: EC1 | C10: FALSE | D10: 0 | E10: 12226 | F10: 0
A11: GC012F Infusion | B11: EC2 | C11: FALSE | D11: 0 | E11: 12227 | F11: 0
A12: End of Study | B12: EOS2 | C12: FALSE | D12: 0 | E12: 12228 | F12: 0
A13: ICANS ASTCT Criteria | B13: ICANS | C13: TRUE | D13: 999 | E13: 12229 | F13: 0
... A34: Unscheduled Visit | B34: UNSCH | C34: TRUE | D34: 999 | E34: 12250 | F34: 0

Sheet Matrix1#AE
A1: Matrix: AE | B1: Subject | C1: SCR | D1: COL1 | E1: COL2 | F1: BASE | G1: EC1 | H1: EC2 | I1: SFU1 | J1: SFU2 | K1: SFU3 | L1: SFU4 | M1: SFU5 | N1: SFU6 | O1: SFU7 | P1: SFU8 | Q1: SFU9 | R1: SFU10 | S1: SFU11 | T1: SFU12 | U1: LFU1 | V1: LFU2 | W1: LFU3 | X1: LFU4 | Y1: LFU5 | Z1: LFU6 | AA1: LFUC | AB1: WS | AC1: EOS1 | AD1: SUR | AE1: GF | AF1: UNSCH | AG1: EOS2
A2: SC
A3: SV
A4: UNSCH
A5: DS1_IC
A6: DM
A7: MH
A8: CM1
A9: PR2
A10: SU
A11: PR1
A12: HEI
A13: WEI
... A86: AEYN
A87: AE | AE87: X
A88: SA
A89: CRS
A90: ICANS
A91: HLHMAS
A92: DD
A93: FU
A94: NEXTYN
A95: DS2_SCR
A96: DS3_WS
A97: DS4_EOS
A98: MH1
A99: MH2
... A104: CP4

Sheet Matrix2#ALL1
A1: Matrix: ALL_1 | B1: Subject | C1: SCR | D1: COL1 | E1: COL2 | F1: BASE | G1: EC1 | H1: EC2 | I1: SFU1 | J1: SFU2 | K1: SFU3 | L1: SFU4 | M1: SFU5 | N1: SFU6 | O1: SFU7 | P1: SFU8 | Q1: SFU9 | R1: SFU10 | S1: SFU11 | T1: SFU12 | U1: LFU1 | V1: LFU2 | W1: LFU3 | X1: LFU4 | Y1: LFU5 | Z1: LFU6 | AA1: LFUC | AB1: WS | AC1: EOS1 | AD1: SUR | AE1: GF | AF1: UNSCH | AG1: EOS2
A2: SC | B2: X
A3: SV | C3: X | D3: X | E3: X | F3: X | G3: X | H3: X | I3: X | J3: X | K3: X | L3: X | M3: X | N3: X | O3: X | P3: X | Q3: X | R3: X | S3: X | T3: X | U3: X | V3: X | W3: X | X3: X | Y3: X | Z3: X | AA3: X | AB3: X | AC3: X | AF3: X
A4: UNSCH | AF4: X
A5: DS1_IC | C5: X
A6: DM | C6: X
A7: MH | C7: X
A8: CM1 | C8: X
A9: PR2 | C9: X
A10: SU | C10: X
A11: PR1 | C11: X
A12: HEI | C12: X | AF12: X
A13: WEI | C13: X | D13: X | E13: X | G13: X | H13: X | M13: X | N13: X | O13: X | P13: X | Q13: X | R13: X | S13: X | T13: X | U13: X | V13: X | W13: X | X13: X | Y13: X | Z13: X | AA13: X | AB13: X | AC13: X | AF13: X
A14: CV1 | C14: X | AF14: X
A15: CV2 | C15: X | F15: X | P15: X | Q15: X | R15: X | S15: X | T15: X | U15: X | V15: X | W15: X | X15: X | Y15: X | Z15: X | AA15: X | AB15: X | AC15: X | AF15: X
A16: CV4 | AF16: X
A17: CV5 | AF17: X
A18: CV3 | F18: X | O18: X | AF18: X
A19: MK6 | AF19: X
A20: MK7 | AF20: X
A21: EG1 | C21: X | F21: X | H21: X | J21: X | L21: X | M21: X | N21: X | O21: X | P21: X | Q21: X | R21: X | S21: X | T21: X | AB21: X | AC21: X | AF21: X
A22: ECHO | C22: X | AB22: X | AC22: X | AF22: X
A23: SR | F23: X | M23: X | O23: X | R23: X | S23: X | T23: X | AA23: X | AB23: X | AC23: X | AF23: X
A24: EG2 | H24: X | AF24: X
A25: VS1 | C25: X | D25: X | E25: X | F25: X | G25: X | I25: X | J25: X | K25: X | L25: X | M25: X | N25: X | O25: X | P25: X | Q25: X | R25: X | S25: X | T25: X | U25: X | V25: X | W25: X | X25: X | Y25: X | Z25: X | AA25: X | AB25: X | AC25: X | AF25: X
A26: VS2 | H26: X
A27: PE | C27: X | AB27: X | AC27: X | AF27: X
A28: RE | C28: X | F28: X | M28: X | N28: X | O28: X | P28: X | Q28: X | R28: X | S28: X | T28: X | U28: X | V28: X | W28: X | X28: X | Y28: X | Z28: X | AA28: X | AB28: X | AC28: X | AF28: X
A29: LB8_RP | C29: X | F29: X | AB29: X | AC29: X | AF29: X
A30: LB9_PAT | AF30: X
A31: LB13_VAC | F31: X | H31: X | I31: X | J31: X | K31: X | L31: X | M31: X | N31: X | O31: X | P31: X | Q31: X | R31: X | S31: X | T31: X | U31: X | V31: X | W31: X | X31: X | Y31: X | Z31: X | AA31: X | AB31: X | AC31: X | AF31: X
A32: LB14_SER | C32: X | F32: X | H32: X | L32: X | M32: X | N32: X | O32: X | P32: X | Q32: X | R32: X | S32: X | T32: X | U32: X | V32: X | W32: X | X32: X | Y32: X | Z32: X | AA32: X | AB32: X | AC32: X | AF32: X
A33: LB19_SYP | C33: X | D33: X | E33: X | AF33: X
A34: LB16_VIR | C34: X | D34: X | E34: X | AF34: X
A35: LB17_HCV | C35: X | D35: X | E35: X | AF35: X
A36: LB18_HBV | C36: X | D36: X | E36: X | AF36: X
A37: LB10_ESR | C37: X | F37: X | M37: X | P37: X | R37: X | S37: X | T37: X | U37: X | V37: X | W37: X | X37: X | Y37: X | Z37: X | AA37: X | AB37: X | AC37: X | AF37: X
A38: LB11_HC | C38: X | F38: X | M38: X | P38: X | R38: X | S38: X | T38: X | U38: X | V38: X | W38: X | X38: X | Y38: X | Z38: X | AA38: X | AB38: X | AC38: X | AF38: X
A39: LB12_TUB | C39: X | AF39: X
A40: LB1_HEM | C40: X | D40: X | E40: X | F40: X | H40: X | I40: X | J40: X | K40: X | L40: X | M40: X | N40: X | O40: X | P40: X | Q40: X | R40: X | S40: X | T40: X | U40: X | V40: X | W40: X | X40: X | Y40: X | Z40: X | AA40: X | AB40: X | AC40: X | AF40: X
A41: LB2_BLO | C41: X | D41: X | E41: X | F41: X | H41: X | I41: X | J41: X | K41: X | L41: X | M41: X | N41: X | O41: X | P41: X | Q41: X | R41: X | S41: X | T41: X | U41: X | V41: X | W41: X | X41: X | Y41: X | Z41: X | AA41: X | AB41: X | AC41: X | AF41: X
A42: LB3_COA | C42: X | D42: X | E42: X | F42: X | AB42: X | AC42: X | AF42: X
A43: LB15_MUE | C43: X | D43: X | E43: X | F43: X | H43: X | I43: X | J43: X | K43: X | L43: X | M43: X | N43: X | O43: X | P43: X | Q43: X | R43: X | S43: X | T43: X | U43: X | V43: X | W43: X | X43: X | Y43: X | Z43: X | AA43: X | AB43: X | AC43: X | AF43: X
A44: LB4_FE | C44: X | F44: X | H44: X | I44: X | J44: X | K44: X | L44: X | M44: X | N44: X | O44: X | P44: X | Q44: X | R44: X | S44: X | T44: X | U44: X | V44: X | W44: X | X44: X | Y44: X | Z44: X | AA44: X | AB44: X | AC44: X | AF44: X
A45: LB5_SER1 | C45: X | F45: X | H45: X | I45: X | J45: X | K45: X | L45: X | M45: X | N45: X | O45: X | P45: X | Q45: X | R45: X | S45: X | T45: X | U45: X | V45: X | W45: X | X45: X | Y45: X | Z45: X | AA45: X | AB45: X | AC45: X | AF45: X
A46: LB6_SER2 | F46: X | H46: X | I46: X | J46: X | K46: X | L46: X | M46: X | N46: X | O46: X | AB46: X | AC46: X | AF46: X
A47: LB7_PER | F47: X | H47: X | I47: X | J47: X | K47: X | L47: X | M47: X | N47: X | O47: X | P47: X | Q47: X | R47: X | S47: X | T47: X | U47: X | V47: X | W47: X | X47: X | Y47: X | Z47: X | AA47: X | AB47: X | AC47: X | AF47: X
A48: FA | AF48: X
A49: GF1 | F49: X | K49: X | M49: X | N49: X | O49: X | P49: X | Q49: X | R49: X | S49: X | T49: X | U49: X | V49: X | W49: X | X49: X | Y49: X | Z49: X | AA49: X | AB49: X | AC49: X | AF49: X
A50: GF2 | F50: X | H50: X | I50: X | J50: X | K50: X | L50: X | M50: X | N50: X | O50: X | P50: X | Q50: X | R50: X | S50: X | T50: X | U50: X | V50: X | W50: X | X50: X | Y50: X | Z50: X | AA50: X | AB50: X | AC50: X | AF50: X
A51: CP16 | F51: X | H51: X | I51: X | J51: X | K51: X | L51: X | M51: X | N51: X | O51: X | P51: X | Q51: X | R51: X | S51: X | T51: X | U51: X | V51: X | W51: X | X51: X | Y51: X | Z51: X | AA51: X | AB51: X | AC51: X | AF51: X
A52: CP5 | F52: X | H52: X | I52: X | J52: X | K52: X | L52: X | M52: X | N52: X | O52: X | P52: X | Q52: X | R52: X | S52: X | T52: X | U52: X | V52: X | W52: X | X52: X | Y52: X | Z52: X | AA52: X | AB52: X | AC52: X | AF52: X
A53: CP6 | F53: X | M53: X | N53: X | O53: X | P53: X | Q53: X | R53: X | S53: X | T53: X | U53: X | V53: X | W53: X | X53: X | Y53: X | Z53: X | AA53: X | AB53: X | AC53: X | AF53: X
A54: CP7 | F54: X | H54: X | I54: X | J54: X | K54: X | L54: X | M54: X | N54: X | O54: X | P54: X | Q54: X | R54: X | S54: X | T54: X | U54: X | V54: X | W54: X | X54: X | Y54: X | Z54: X | AA54: X | AB54: X | AC54: X | AF54: X
A55: CP8 | F55: X | H55: X | I55: X | J55: X | K55: X | L55: X | M55: X | N55: X | O55: X | P55: X | Q55: X | R55: X | S55: X | T55: X | U55: X | V55: X | W55: X | X55: X | Y55: X | Z55: X | AA55: X | AB55: X | AC55: X | AF55: X
A56: CP9 | F56: X | H56: X | I56: X | J56: X | K56: X | L56: X | M56: X | N56: X | O56: X | P56: X | Q56: X | R56: X | S56: X | T56: X | U56: X | V56: X | W56: X | X56: X | Y56: X | Z56: X | AA56: X | AB56: X | AC56: X | AF56: X
A57: CP10 | F57: X | H57: X | I57: X | J57: X | K57: X | L57: X | M57: X | N57: X | O57: X | AB57: X | AC57: X | AF57: X
A58: CP11 | F58: X | H58: X | I58: X | J58: X | K58: X | L58: X | M58: X | N58: X | O58: X | P58: X | Q58: X | R58: X | S58: X | T58: X | U58: X | V58: X | W58: X | X58: X | Y58: X | Z58: X | AA58: X | AB58: X | AC58: X | AF58: X
A59: CP12 | F59: X | M59: X | N59: X | O59: X | P59: X | Q59: X | R59: X | S59: X | T59: X | U59: X | V59: X | W59: X | X59: X | Y59: X | Z59: X | AA59: X | AB59: X | AC59: X | AF59: X
A60: CP13 | C60: X | F60: X | L60: X | M60: X | N60: X | O60: X | P60: X | Q60: X | R60: X | S60: X | T60: X | U60: X | V60: X | W60: X | X60: X | Y60: X | Z60: X | AA60: X | AB60: X | AC60: X | AF60: X
A61: GF3 | C61: X | F61: X | L61: X | M61: X | N61: X | O61: X | P61: X | Q61: X | R61: X | S61: X | T61: X | U61: X | V61: X | W61: X | X61: X | Y61: X | Z61: X | AA61: X | AB61: X | AC61: X | AF61: X
A62: CP14 | F62: X | AE62: X
A63: CP15 | F63: X | AE63: X
A64: QRS1 | C64: X | F64: X | M64: X | N64: X | O64: X | P64: X | Q64: X | R64: X | S64: X | T64: X | U64: X | V64: X | W64: X | X64: X | Y64: X | Z64: X | AA64: X | AB64: X | AC64: X | AF64: X
A65: QRS2 | C65: X | F65: X | M65: X | N65: X | O65: X | P65: X | Q65: X | R65: X | S65: X | T65: X | U65: X | V65: X | W65: X | X65: X | Y65: X | Z65: X | AA65: X | AB65: X | AC65: X | AF65: X
A66: DIS | C66: X | F66: X | O66: X | P66: X | Q66: X | R66: X | S66: X | T66: X | U66: X | V66: X | W66: X | X66: X | Y66: X | Z66: X | AA66: X | AB66: X | AC66: X
A67: QRS5 | C67: X | F67: X | M67: X | N67: X | O67: X | P67: X | Q67: X | R67: X | S67: X | T67: X | U67: X | V67: X | W67: X | X67: X | Y67: X | Z67: X | AA67: X | AB67: X | AC67: X | AF67: X
A68: QRS3 | F68: X | M68: X | N68: X | O68: X | P68: X | Q68: X | R68: X | S68: X | T68: X | U68: X | V68: X | W68: X | X68: X | Y68: X | Z68: X | AA68: X | AB68: X | AC68: X | AF68: X
A69: QRS4 | C69: X | F69: X | M69: X | N69: X | O69: X | P69: X | Q69: X | R69: X | S69: X | T69: X | U69: X | V69: X | W69: X | X69: X | Y69: X | Z69: X | AA69: X | AB69: X | AC69: X | AF69: X
A70: MK1 | AF70: X
A71: MK2 | AF71: X
A72: MK3 | AF72: X
A73: MK4 | AF73: X
A74: MK5 | AF74: X
A75: IE | C75: X
A76: IE1 | C76: X
A77: IE2
A78: CRI1_APH | D78: X
A79: CRI2_LYM | G79: X
A80: CRI3_CART | H80: X
A81: MI | D81: X | E81: X
A82: EC1 | G82: X
A83: EC2 | H83: X
A84: CM | AE84: X
A85: PR | AE85: X
A86: AEYN | AE86: X
A87: AE | AE87: X
A88: SA | AE88: X
A89: CRS | AE89: X
A90: ICANS | AE90: X
A91: HLHMAS | AE91: X
A92: DD | AE92: X
A93: FU | AD93: X
A94: NEXTYN | D94: X | E94: X | F94: X | G94: X | H94: X | I94: X | J94: X | K94: X | L94: X | M94: X | N94: X | O94: X | P94: X | Q94: X | R94: X | S94: X | T94: X | U94: X | V94: X | W94: X | X94: X | Y94: X | Z94: X | AA94: X
A95: DS2_SCR | C95: X
A96: DS3_WS | AB96: X
A97: DS4_EOS | AG97: X
A98: MH1
A99: MH2
A100: CP1
...

Sheet Matrix3#ALL2
A1: Matrix: ALL_2 | B1: Subject | C1: SCR | D1: COL1 | E1: COL2 | F1: BASE | G1: EC1 | H1: EC2 | I1: SFU1 | J1: SFU2 | K1: SFU3 | L1: SFU4 | M1: SFU5 | N1: SFU6 | O1: SFU7 | P1: SFU8 | Q1: SFU9 | R1: SFU10 | S1: SFU11 | T1: SFU12 | U1: LFU1 | V1: LFU2 | W1: LFU3 | X1: LFU4 | Y1: LFU5 | Z1: LFU6 | AA1: LFUC | AB1: WS | AC1: EOS1 | AD1: SUR | AE1: GF | AF1: UNSCH | AG1: EOS2
A2: SC | B2: X
A3: SV | C3: X | D3: X | E3: X | F3: X | G3: X | H3: X | I3: X | J3: X | K3: X | L3: X | M3: X | N3: X | O3: X | P3: X | Q3: X | R3: X | S3: X | T3: X | U3: X | V3: X | W3: X | X3: X | Y3: X | Z3: X | AA3: X | AB3: X | AC3: X | AF3: X
A4: UNSCH | AF4: X
A5: DS1_IC | C5: X
A6: DM | C6: X
A7: MH | C7: X
A8: CM1 | C8: X
A9: PR2 | C9: X
A10: SU | C10: X
A11: PR1 | C11: X
A12: HEI | C12: X | AF12: X
A13: WEI | C13: X | D13: X | E13: X | G13: X | H13: X | M13: X | N13: X | O13: X | P13: X | Q13: X | R13: X | S13: X | T13: X | U13: X | V13: X | W13: X | X13: X | Y13: X | Z13: X | AA13: X | AB13: X | AC13: X | AF13: X
A14: CV1 | C14: X | AF14: X
A15: CV2 | AF15: X
A16: CV4 | C16: X | F16: X | P16: X | Q16: X | R16: X | S16: X | T16: X | U16: X | V16: X | W16: X | X16: X | Y16: X | Z16: X | AA16: X | AB16: X | AC16: X | AF16: X
A17: CV5 | C17: X | F17: X | M17: X | N17: X | O17: X | P17: X | Q17: X | R17: X | S17: X | T17: X | U17: X | V17: X | W17: X | X17: X | Y17: X | Z17: X | AA17: X | AB17: X | AC17: X | AF17: X
A18: CV3 | AF18: X
A19: MK6 | C19: X | O19: X | P19: X | AF19: X
A20: MK7 | C20: X | O20: X | P20: X | AF20: X
A21: EG1 | C21: X | F21: X | H21: X | J21: X | L21: X | M21: X | N21: X | O21: X | P21: X | Q21: X | R21: X | S21: X | T21: X | AB21: X | AC21: X | AF21: X
A22: ECHO | C22: X | AB22: X | AC22: X | AF22: X
A23: SR | AF23: X
A24: EG2 | H24: X | AF24: X
A25: VS1 | C25: X | D25: X | E25: X | F25: X | G25: X | I25: X | J25: X | K25: X | L25: X | M25: X | N25: X | O25: X | P25: X | Q25: X | R25: X | S25: X | T25: X | U25: X | V25: X | W25: X | X25: X | Y25: X | Z25: X | AA25: X | AB25: X | AC25: X | AF25: X
A26: VS2 | H26: X
A27: PE | C27: X | AF27: X
A28: RE | C28: X | F28: X | M28: X | N28: X | O28: X | P28: X | Q28: X | R28: X | S28: X | T28: X | U28: X | V28: X | W28: X | X28: X | Y28: X | Z28: X | AA28: X | AB28: X | AC28: X | AF28: X
A29: LB8_RP | C29: X | F29: X | AB29: X | AC29: X | AF29: X
A30: LB9_PAT | C30: X | F30: X | H30: X | L30: X | M30: X | N30: X | O30: X | P30: X | Q30: X | R30: X | S30: X | T30: X | U30: X | V30: X | W30: X | X30: X | Y30: X | Z30: X | AA30: X | AB30: X | AC30: X | AF30: X
A31: LB13_VAC | F31: X | H31: X | I31: X | J31: X | K31: X | L31: X | M31: X | N31: X | O31: X | P31: X | Q31: X | R31: X | S31: X | T31: X | U31: X | V31: X | W31: X | X31: X | Y31: X | Z31: X | AA31: X | AB31: X | AC31: X | AF31: X
A32: LB14_SER | AF32: X
A33: LB19_SYP | C33: X | D33: X | E33: X | AF33: X
A34: LB16_VIR | C34: X | D34: X | E34: X | AF34: X
A35: LB17_HCV | C35: X | D35: X | E35: X | AF35: X
A36: LB18_HBV | C36: X | D36: X | E36: X | AF36: X
A37: LB10_ESR | AF37: X
A38: LB11_HC | AF38: X
A39: LB12_TUB | C39: X | AF39: X
A40: LB1_HEM | C40: X | D40: X | E40: X | F40: X | H40: X | I40: X | J40: X | K40: X | L40: X | M40: X | N40: X | O40: X | P40: X | Q40: X | R40: X | S40: X | T40: X | U40: X | V40: X | W40: X | X40: X | Y40: X | Z40: X | AA40: X | AB40: X | AC40: X | AF40: X
A41: LB2_BLO | C41: X | D41: X | E41: X | F41: X | H41: X | I41: X | J41: X | K41: X | L41: X | M41: X | N41: X | O41: X | P41: X | Q41: X | R41: X | S41: X | T41: X | U41: X | V41: X | W41: X | X41: X | Y41: X | Z41: X | AA41: X | AB41: X | AC41: X | AF41: X
A42: LB3_COA | C42: X | D42: X | E42: X | F42: X | AB42: X | AC42: X | AF42: X
A43: LB15_MUE | C43: X | D43: X | E43: X | F43: X | H43: X | I43: X | J43: X | K43: X | L43: X | M43: X | N43: X | O43: X | P43: X | Q43: X | R43: X | S43: X | T43: X | U43: X | V43: X | W43: X | X43: X | Y43: X | Z43: X | AA43: X | AB43: X | AC43: X | AF43: X
A44: LB4_FE | C44: X | F44: X | H44: X | I44: X | J44: X | K44: X | L44: X | M44: X | N44: X | O44: X | P44: X | Q44: X | R44: X | S44: X | T44: X | U44: X | V44: X | W44: X | X44: X | Y44: X | Z44: X | AA44: X | AB44: X | AC44: X | AF44: X
A45: LB5_SER1 | C45: X | F45: X | H45: X | I45: X | J45: X | K45: X | L45: X | M45: X | N45: X | O45: X | P45: X | Q45: X | R45: X | S45: X | T45: X | U45: X | V45: X | W45: X | X45: X | Y45: X | Z45: X | AA45: X | AB45: X | AC45: X | AF45: X
A46: LB6_SER2 | F46: X | H46: X | I46: X | J46: X | K46: X | L46: X | M46: X | N46: X | O46: X | AB46: X | AC46: X | AF46: X
A47: LB7_PER | F47: X | H47: X | I47: X | J47: X | K47: X | L47: X | M47: X | N47: X | O47: X | P47: X | Q47: X | R47: X | S47: X | T47: X | U47: X | V47: X | W47: X | X47: X | Y47: X | Z47: X | AA47: X | AB47: X | AC47: X | AF47: X
A48: FA | AF48: X
A49: GF1 | F49: X | K49: X | M49: X | N49: X | O49: X | P49: X | Q49: X | R49: X | S49: X | T49: X | U49: X | V49: X | W49: X | X49: X | Y49: X | Z49: X | AA49: X | AB49: X | AC49: X | AF49: X
A50: GF2 | F50: X | H50: X | I50: X | J50: X | K50: X | L50: X | M50: X | N50: X | O50: X | P50: X | Q50: X | R50: X | S50: X | T50: X | U50: X | V50: X | W50: X | X50: X | Y50: X | Z50: X | AA50: X | AB50: X | AC50: X | AF50: X
A51: CP16 | F51: X | H51: X | I51: X | J51: X | K51: X | L51: X | M51: X | N51: X | O51: X | P51: X | Q51: X | R51: X | S51: X | T51: X | U51: X | V51: X | W51: X | X51: X | Y51: X | Z51: X | AA51: X | AB51: X | AC51: X | AF51: X
A52: CP5 | F52: X | H52: X | I52: X | J52: X | K52: X | L52: X | M52: X | N52: X | O52: X | P52: X | Q52: X | R52: X | S52: X | T52: X | U52: X | V52: X | W52: X | X52: X | Y52: X | Z52: X | AA52: X | AB52: X | AC52: X | AF52: X
A53: CP6 | F53: X | M53: X | N53: X | O53: X | P53: X | Q53: X | R53: X | S53: X | T53: X | U53: X | V53: X | W53: X | X53: X | Y53: X | Z53: X | AA53: X | AB53: X | AC53: X | AF53: X
A54: CP7 | F54: X | H54: X | I54: X | J54: X | K54: X | L54: X | M54: X | N54: X | O54: X | P54: X | Q54: X | R54: X | S54: X | T54: X | U54: X | V54: X | W54: X | X54: X | Y54: X | Z54: X | AA54: X | AB54: X | AC54: X | AF54: X
A55: CP8 | F55: X | H55: X | I55: X | J55: X | K55: X | L55: X | M55: X | N55: X | O55: X | P55: X | Q55: X | R55: X | S55: X | T55: X | U55: X | V55: X | W55: X | X55: X | Y55: X | Z55: X | AA55: X | AB55: X | AC55: X | AF55: X
A56: CP9 | F56: X | H56: X | I56: X | J56: X | K56: X | L56: X | M56: X | N56: X | O56: X | P56: X | Q56: X | R56: X | S56: X | T56: X | U56: X | V56: X | W56: X | X56: X | Y56: X | Z56: X | AA56: X | AB56: X | AC56: X | AF56: X
A57: CP10 | F57: X | H57: X | I57: X | J57: X | K57: X | L57: X | M57: X | N57: X | O57: X | AB57: X | AC57: X | AF57: X
A58: CP11 | F58: X | H58: X | I58: X | J58: X | K58: X | L58: X | M58: X | N58: X | O58: X | P58: X | Q58: X | R58: X | S58: X | T58: X | U58: X | V58: X | W58: X | X58: X | Y58: X | Z58: X | AA58: X | AB58: X | AC58: X | AF58: X
A59: CP12 | F59: X | M59: X | N59: X | O59: X | P59: X | Q59: X | R59: X | S59: X | T59: X | U59: X | V59: X | W59: X | X59: X | Y59: X | Z59: X | AA59: X | AB59: X | AC59: X | AF59: X
A60: CP13 | C60: X | F60: X | L60: X | M60: X | N60: X | O60: X | P60: X | Q60: X | R60: X | S60: X | T60: X | U60: X | V60: X | W60: X | X60: X | Y60: X | Z60: X | AA60: X | AB60: X | AC60: X | AF60: X
A61: GF3 | C61: X | F61: X | L61: X | M61: X | N61: X | O61: X | P61: X | Q61: X | R61: X | S61: X | T61: X | U61: X | V61: X | W61: X | X61: X | Y61: X | Z61: X | AA61: X | AB61: X | AC61: X | AF61: X
A62: CP14 | F62: X | K62: X | M62: X | O62: X | P62: X | R62: X | S62: X | T62: X
A63: CP15 | F63: X | K63: X | M63: X | O63: X | P63: X | R63: X | S63: X | T63: X
A64: QRS1 | AF64: X
A65: QRS2 | AF65: X
A66: DIS
A67: QRS5 | AF67: X
A68: QRS3 | C68: X | F68: X | M68: X | N68: X | O68: X | P68: X | Q68: X | R68: X | S68: X | T68: X | U68: X | V68: X | W68: X | X68: X | Y68: X | Z68: X | AA68: X | AB68: X | AC68: X | AF68: X
A69: QRS4 | C69: X | F69: X | M69: X | N69: X | O69: X | P69: X | Q69: X | R69: X | S69: X | T69: X | U69: X | V69: X | W69: X | X69: X | Y69: X | Z69: X | AA69: X | AB69: X | AC69: X | AF69: X
A70: MK1 | C70: X | F70: X | M70: X | N70: X | O70: X | P70: X | Q70: X | R70: X | S70: X | T70: X | U70: X | V70: X | W70: X | X70: X | Y70: X | Z70: X | AA70: X | AB70: X | AC70: X | AF70: X
A71: MK2 | C71: X | F71: X | M71: X | N71: X | O71: X | P71: X | Q71: X | R71: X | S71: X | T71: X | U71: X | V71: X | W71: X | X71: X | Y71: X | Z71: X | AA71: X | AB71: X | AC71: X | AF71: X
A72: MK3 | C72: X | F72: X | M72: X | N72: X | O72: X | P72: X | Q72: X | R72: X | S72: X | T72: X | U72: X | V72: X | W72: X | X72: X | Y72: X | Z72: X | AA72: X | AB72: X | AC72: X | AF72: X
A73: MK4 | C73: X | F73: X | O73: X | R73: X | S73: X | T73: X | U73: X | V73: X | W73: X | X73: X | Y73: X | Z73: X | AA73: X | AB73: X | AC73: X | AF73: X
A74: MK5 | C74: X | F74: X | M74: X | N74: X | O74: X | P74: X | Q74: X | R74: X | S74: X | T74: X | U74: X | V74: X | W74: X | X74: X | Y74: X | Z74: X | AA74: X | AB74: X | AC74: X | AF74: X
A75: IE | C75: X
A76: IE1
A77: IE2 | C77: X
A78: CRI1_APH | D78: X
A79: CRI2_LYM | G79: X
A80: CRI3_CART | H80: X
A81: MI | D81: X | E81: X
A82: EC1 | G82: X
A83: EC2 | H83: X
A84: CM | AE84: X
A85: PR | AE85: X
A86: AEYN | AE86: X
A87: AE | AE87: X
A88: SA | AE88: X
A89: CRS | AE89: X
A90: ICANS | AE90: X
A91: HLHMAS | AE91: X
A92: DD | AE92: X
A93: FU | AD93: X
A94: NEXTYN | D94: X | E94: X | F94: X | G94: X | H94: X | I94: X | J94: X | K94: X | L94: X | M94: X | N94: X | O94: X | P94: X | Q94: X | R94: X | S94: X | T94: X | U94: X | V94: X | W94: X | X94: X | Y94: X | Z94: X | AA94: X
A95: DS2_SCR | C95: X
A96: DS3_WS | AB96: X
A97: DS4_EOS | AG97: X
A98: MH1
A99: MH2
A100: CP1
...

Sheet Matrix4#BASE
A1: Matrix: BASE | B1: Subject | C1: SCR | D1: COL1 | E1: COL2 | F1: BASE | G1: EC1 | H1: EC2 | I1: SFU1 | J1: SFU2 | K1: SFU3 | L1: SFU4 | M1: SFU5 | N1: SFU6 | O1: SFU7 | P1: SFU8 | Q1: SFU9 | R1: SFU10 | S1: SFU11 | T1: SFU12 | U1: LFU1 | V1: LFU2 | W1: LFU3 | X1: LFU4 | Y1: LFU5 | Z1: LFU6 | AA1: LFUC | AB1: WS | AC1: EOS1 | AD1: SUR | AE1: GF | AF1: UNSCH | AG1: EOS2
A2: SC
A3: SV | F3: X
A4: UNSCH
A5: DS1_IC
A6: DM
A7: MH
A8: CM1
A9: PR2
A10: SU
A11: PR1
A12: HEI
A13: WEI
A14: CV1
A15: CV2
... A93: FU
A94: NEXTYN | F94: X
A95: DS2_SCR
A96: DS3_WS
A97: DS4_EOS
A98: MH1
A99: MH2
A100: CP1
A101: CP17
A102: CP2
A103: CP3
A104: CP4

Sheet Matrix5#COL1
A1: Matrix: COL1 | B1: Subject | C1: SCR | D1: COL1 | E1: COL2 | F1: BASE | G1: EC1 | H1: EC2 | I1: SFU1 | J1: SFU2 | K1: SFU3 | L1: SFU4 | M1: SFU5 | N1: SFU6 | O1: SFU7 | P1: SFU8 | Q1: SFU9 | R1: SFU10 | S1: SFU11 | T1: SFU12 | U1: LFU1 | V1: LFU2 | W1: LFU3 | X1: LFU4 | Y1: LFU5 | Z1: LFU6 | AA1: LFUC | AB1: WS | AC1: EOS1 | AD1: SUR | AE1: GF | AF1: UNSCH | AG1: EOS2
A2: SC
A3: SV | D3: X | AB3: X | AC3: X
A4: UNSCH
A5: DS1_IC
A6: DM
A7: MH
A8: CM1
A9: PR2
A10: SU
A11: PR1
A12: HEI
A13: WEI
A14: CV1
A15: CV2
... A93: FU
A94: NEXTYN | D94: X
A95: DS2_SCR
A96: DS3_WS | AB96: X
A97: DS4_EOS
A98: MH1
A99: MH2
A100: CP1
A101: CP17
A102: CP2
A103: CP3
A104: CP4

Sheet Matrix6#COL2
A1: Matrix: COL2 | B1: Subject | C1: SCR | D1: COL1 | E1: COL2 | F1: BASE | G1: EC1 | H1: EC2 | I1: SFU1 | J1: SFU2 | K1: SFU3 | L1: SFU4 | M1: SFU5 | N1: SFU6 | O1: SFU7 | P1: SFU8 | Q1: SFU9 | R1: SFU10 | S1: SFU11 | T1: SFU12 | U1: LFU1 | V1: LFU2 | W1: LFU3 | X1: LFU4 | Y1: LFU5 | Z1: LFU6 | AA1: LFUC | AB1: WS | AC1: EOS1 | AD1: SUR | AE1: GF | AF1: UNSCH | AG1: EOS2
A2: SC
A3: SV | E3: X
A4: UNSCH
A5: DS1_IC
A6: DM
A7: MH
A8: CM1
A9: PR2
A10: SU
A11: PR1
A12: HEI
A13: WEI
A14: CV1
A15: CV2
... A93: FU
A94: NEXTYN | E94: X
A95: DS2_SCR
A96: DS3_WS
A97: DS4_EOS
A98: MH1
A99: MH2
A100: CP1
A101: CP17
A102: CP2
A103: CP3
A104: CP4

Sheet Matrix7#CRS
A1: Matrix: CRS | B1: Subject | C1: SCR | D1: COL1 | E1: COL2 | F1: BASE | G1: EC1 | H1: EC2 | I1: SFU1 | J1: SFU2 | K1: SFU3 | L1: SFU4 | M1: SFU5 | N1: SFU6 | O1: SFU7 | P1: SFU8 | Q1: SFU9 | R1: SFU10 | S1: SFU11 | T1: SFU12 | U1: LFU1 | V1: LFU2 | W1: LFU3 | X1: LFU4 | Y1: LFU5 | Z1: LFU6 | AA1: LFUC | AB1: WS | AC1: EOS1 | AD1: SUR | AE1: GF | AF1: UNSCH | AG1: EOS2
A2: SC
A3: SV
A4: UNSCH
A5: DS1_IC
A6: DM
A7: MH
A8: CM1
A9: PR2
A10: SU
A11: PR1
A12: HEI
A13: WEI
... A88: SA
A89: CRS | AE89: X
A90: ICANS
A91: HLHMAS
A92: DD
A93: FU
A94: NEXTYN
A95: DS2_SCR
A96: DS3_WS
A97: DS4_EOS
A98: MH1
A99: MH2
A100: CP1
A101: CP17
... A104: CP4

Sheet Matrix8#DEFAULT
A1: Matrix: DEFAULT | B1: Subject | C1: SCR | D1: COL1 | E1: COL2 | F1: BASE | G1: EC1 | H1: EC2 | I1: SFU1 | J1: SFU2 | K1: SFU3 | L1: SFU4 | M1: SFU5 | N1: SFU6 | O1: SFU7 | P1: SFU8 | Q1: SFU9 | R1: SFU10 | S1: SFU11 | T1: SFU12 | U1: LFU1 | V1: LFU2 | W1: LFU3 | X1: LFU4 | Y1: LFU5 | Z1: LFU6 | AA1: LFUC | AB1: WS | AC1: EOS1 | AD1: SUR | AE1: GF | AF1: UNSCH | AG1: EOS2
A2: SC
A3: SV | C3: X
A4: UNSCH
A5: DS1_IC | C5: X
A6: DM | C6: X
A7: MH | C7: X
A8: CM1 | C8: X
A9: PR2 | C9: X
A10: SU | C10: X
A11: PR1 | C11: X
A12: HEI | C12: X
A13: WEI | C13: X
A14: CV1 | C14: X
A15: CV2
A16: CV4
A17: CV5
A18: CV3
A19: MK6
A20: MK7
A21: EG1 | C21: X
A22: ECHO | C22: X
A23: SR
A24: EG2
A25: VS1 | C25: X
A26: VS2
A27: PE | C27: X
A28: RE | C28: X
A29: LB8_RP
A30: LB9_PAT
A31: LB13_VAC
A32: LB14_SER
A33: LB19_SYP | C33: X
A34: LB16_VIR | C34: X
A35: LB17_HCV | C35: X
A36: LB18_HBV | C36: X
A37: LB10_ESR
A38: LB11_HC
A39: LB12_TUB | C39: X
A40: LB1_HEM | C40: X
A41: LB2_BLO | C41: X
A42: LB3_COA | C42: X
A43: LB15_MUE | C43: X
A44: LB4_FE | C44: X
A45: LB5_SER1 | C45: X
A46: LB6_SER2
A47: LB7_PER
A48: FA
A49: GF1
A50: GF2
A51: CP16
A52: CP5
A53: CP6
A54: CP7
A55: CP8
A56: CP9
A57: CP10
... A59: CP12
A60: CP13 | C60: X
A61: GF3 | C61: X
A62: CP14 | AE62: X
A63: CP15 | AE63: X
A64: QRS1
A65: QRS2
A66: DIS
A67: QRS5
A68: QRS3
A69: QRS4 | C69: X
A70: MK1
A71: MK2
A72: MK3
A73: MK4
A74: MK5
A75: IE | C75: X
A76: IE1
A77: IE2
A78: CRI1_APH
A79: CRI2_LYM
A80: CRI3_CART
A81: MI
A82: EC1
A83: EC2
A84: CM | AE84: X
A85: PR | AE85: X
A86: AEYN | AE86: X
A87: AE
A88: SA
A89: CRS | AE89: X
A90: ICANS | AE90: X
A91: HLHMAS
A92: DD | AE92: X
A93: FU
A94: NEXTYN
A95: DS2_SCR | C95: X
A96: DS3_WS
A97: DS4_EOS | AG97: X
A98: MH1
A99: MH2
A100: CP1
A101: CP17
...

Sheet Matrix9#EC1
A1: Matrix: EC1 | B1: Subject | C1: SCR | D1: COL1 | E1: COL2 | F1: BASE | G1: EC1 | H1: EC2 | I1: SFU1 | J1: SFU2 | K1: SFU3 | L1: SFU4 | M1: SFU5 | N1: SFU6 | O1: SFU7 | P1: SFU8 | Q1: SFU9 | R1: SFU10 | S1: SFU11 | T1: SFU12 | U1: LFU1 | V1: LFU2 | W1: LFU3 | X1: LFU4 | Y1: LFU5 | Z1: LFU6 | AA1: LFUC | AB1: WS | AC1: EOS1 | AD1: SUR | AE1: GF | AF1: UNSCH | AG1: EOS2
A2: SC
A3: SV | G3: X
A4: UNSCH
A5: DS1_IC
A6: DM
A7: MH
A8: CM1
A9: PR2
A10: SU
A11: PR1
A12: HEI
A13: WEI
A14: CV1
A15: CV2
... A93: FU
A94: NEXTYN | G94: X
A95: DS2_SCR
A96: DS3_WS
A97: DS4_EOS
A98: MH1
A99: MH2
A100: CP1
A101: CP17
A102: CP2
A103: CP3
A104: CP4

Sheet Matrix10#EC2
A1: Matrix: EC2 | B1: Subject | C1: SCR | D1: COL1 | E1: COL2 | F1: BASE | G1: EC1 | H1: EC2 | I1: SFU1 | J1: SFU2 | K1: SFU3 | L1: SFU4 | M1: SFU5 | N1: SFU6 | O1: SFU7 | P1: SFU8 | Q1: SFU9 | R1: SFU10 | S1: SFU11 | T1: SFU12 | U1: LFU1 | V1: LFU2 | W1: LFU3 | X1: LFU4 | Y1: LFU5 | Z1: LFU6 | AA1: LFUC | AB1: WS | AC1: EOS1 | AD1: SUR | AE1: GF | AF1: UNSCH | AG1: EOS2
A2: SC
A3: SV | H3: X
A4: UNSCH
A5: DS1_IC
A6: DM
A7: MH
A8: CM1
A9: PR2
A10: SU
A11: PR1
A12: HEI
A13: WEI
A14: CV1
A15: CV2
... A93: FU
A94: NEXTYN | H94: X
A95: DS2_SCR
A96: DS3_WS
A97: DS4_EOS
A98: MH1
A99: MH2
A100: CP1
A101: CP17
A102: CP2
A103: CP3
A104: CP4

Sheet Matrix11#EOS2
A1: Matrix: EOS2 | B1: Subject | C1: SCR | D1: COL1 | E1: COL2 | F1: BASE | G1: EC1 | H1: EC2 | I1: SFU1 | J1: SFU2 | K1: SFU3 | L1: SFU4 | M1: SFU5 | N1: SFU6 | O1: SFU7 | P1: SFU8 | Q1: SFU9 | R1: SFU10 | S1: SFU11 | T1: SFU12 | U1: LFU1 | V1: LFU2 | W1: LFU3 | X1: LFU4 | Y1: LFU5 | Z1: LFU6 | AA1: LFUC | AB1: WS | AC1: EOS1 | AD1: SUR | AE1: GF | AF1: UNSCH | AG1: EOS2
A2: SC
A3: SV
A4: UNSCH
A5: DS1_IC
A6: DM
A7: MH
A8: CM1
A9: PR2
A10: SU
A11: PR1
A12: HEI
A13: WEI
... A96: DS3_WS
A97: DS4_EOS | AG97: X
A98: MH1
A99: MH2
A100: CP1
A101: CP17
A102: CP2
A103: CP3
A104: CP4

Sheet Matrix12#ICANS
A1: Matrix: ICANS | B1: Subject | C1: SCR | D1: COL1 | E1: COL2 | F1: BASE | G1: EC1 | H1: EC2 | I1: SFU1 | J1: SFU2 | K1: SFU3 | L1: SFU4 | M1: SFU5 | N1: SFU6 | O1: SFU7 | P1: SFU8 | Q1: SFU9 | R1: SFU10 | S1: SFU11 | T1: SFU12 | U1: LFU1 | V1: LFU2 | W1: LFU3 | X1: LFU4 | Y1: LFU5 | Z1: LFU6 | AA1: LFUC | AB1: WS | AC1: EOS1 | AD1: SUR | AE1: GF | AF1: UNSCH | AG1: EOS2
A2: SC
A3: SV
A4: UNSCH
A5: DS1_IC
A6: DM
A7: MH
A8: CM1
A9: PR2
A10: SU
A11: PR1
A12: HEI
A13: WEI
... A89: CRS
A90: ICANS | AE90: X
A91: HLHMAS
A92: DD
A93: FU
A94: NEXTYN
A95: DS2_SCR
A96: DS3_WS
A97: DS4_EOS
A98: MH1
A99: MH2
A100: CP1
A101: CP17
A102: CP2
... A104: CP4

Sheet Matrix13#LFU1
A1: Matrix: LFU1 | B1: Subject | C1: SCR | D1: COL1 | E1: COL2 | F1: BASE | G1: EC1 | H1: EC2 | I1: SFU1 | J1: SFU2 | K1: SFU3 | L1: SFU4 | M1: SFU5 | N1: SFU6 | O1: SFU7 | P1: SFU8 | Q1: SFU9 | R1: SFU10 | S1: SFU11 | T1: SFU12 | U1: LFU1 | V1: LFU2 | W1: LFU3 | X1: LFU4 | Y1: LFU5 | Z1: LFU6 | AA1: LFUC | AB1: WS | AC1: EOS1 | AD1: SUR | AE1: GF | AF1: UNSCH | AG1: EOS2
A2: SC
A3: SV | U3: X
A4: UNSCH
A5: DS1_IC
A6: DM
A7: MH
A8: CM1
A9: PR2
A10: SU
A11: PR1
A12: HEI
A13: WEI
A14: CV1
A15: CV2
... A93: FU
A94: NEXTYN | U94: X
A95: DS2_SCR
A96: DS3_WS
A97: DS4_EOS
A98: MH1
A99: MH2
A100: CP1
A101: CP17
A102: CP2
A103: CP3
A104: CP4

Sheet Matrix14#LFU2
A1: Matrix: LFU2 | B1: Subject | C1: SCR | D1: COL1 | E1: COL2 | F1: BASE | G1: EC1 | H1: EC2 | I1: SFU1 | J1: SFU2 | K1: SFU3 | L1: SFU4 | M1: SFU5 | N1: SFU6 | O1: SFU7 | P1: SFU8 | Q1: SFU9 | R1: SFU10 | S1: SFU11 | T1: SFU12 | U1: LFU1 | V1: LFU2 | W1: LFU3 | X1: LFU4 | Y1: LFU5 | Z1: LFU6 | AA1: LFUC | AB1: WS | AC1: EOS1 | AD1: SUR | AE1: GF | AF1: UNSCH | AG1: EOS2
A2: SC
A3: SV | V3: X
A4: UNSCH
A5: DS1_IC
A6: DM
A7: MH
A8: CM1
A9: PR2
A10: SU
A11: PR1
A12: HEI
A13: WEI
A14: CV1
A15: CV2
... A93: FU
A94: NEXTYN | V94: X
A95: DS2_SCR
A96: DS3_WS
A97: DS4_EOS
A98: MH1
A99: MH2
A100: CP1
A101: CP17
A102: CP2
A103: CP3
A104: CP4

Sheet Matrix15#LFU3
A1: Matrix: LFU3 | B1: Subject | C1: SCR | D1: COL1 | E1: COL2 | F1: BASE | G1: EC1 | H1: EC2 | I1: SFU1 | J1: SFU2 | K1: SFU3 | L1: SFU4 | M1: SFU5 | N1: SFU6 | O1: SFU7 | P1: SFU8 | Q1: SFU9 | R1: SFU10 | S1: SFU11 | T1: SFU12 | U1: LFU1 | V1: LFU2 | W1: LFU3 | X1: LFU4 | Y1: LFU5 | Z1: LFU6 | AA1: LFUC | AB1: WS | AC1: EOS1 | AD1: SUR | AE1: GF | AF1: UNSCH | AG1: EOS2
A2: SC
A3: SV | W3: X
A4: UNSCH
A5: DS1_IC
A6: DM
A7: MH
A8: CM1
A9: PR2
A10: SU
A11: PR1
A12: HEI
A13: WEI
A14: CV1
A15: CV2
... A93: FU
A94: NEXTYN | W94: X
A95: DS2_SCR
A96: DS3_WS
A97: DS4_EOS
A98: MH1
A99: MH2
A100: CP1
A101: CP17
A102: CP2
A103: CP3
A104: CP4

Sheet Matrix16#LFU4
A1: Matrix: LFU4 | B1: Subject | C1: SCR | D1: COL1 | E1: COL2 | F1: BASE | G1: EC1 | H1: EC2 | I1: SFU1 | J1: SFU2 | K1: SFU3 | L1: SFU4 | M1: SFU5 | N1: SFU6 | O1: SFU7 | P1: SFU8 | Q1: SFU9 | R1: SFU10 | S1: SFU11 | T1: SFU12 | U1: LFU1 | V1: LFU2 | W1: LFU3 | X1: LFU4 | Y1: LFU5 | Z1: LFU6 | AA1: LFUC | AB1: WS | AC1: EOS1 | AD1: SUR | AE1: GF | AF1: UNSCH | AG1: EOS2
A2: SC
A3: SV | X3: X
A4: UNSCH
A5: DS1_IC
A6: DM
A7: MH
A8: CM1
A9: PR2
A10: SU
A11: PR1
A12: HEI
A13: WEI
A14: CV1
A15: CV2
... A93: FU
A94: NEXTYN | X94: X
A95: DS2_SCR
A96: DS3_WS
A97: DS4_EOS
A98: MH1
A99: MH2
A100: CP1
A101: CP17
A102: CP2
A103: CP3
A104: CP4

Sheet Matrix17#LFU5
A1: Matrix: LFU5 | B1: Subject | C1: SCR | D1: COL1 | E1: COL2 | F1: BASE | G1: EC1 | H1: EC2 | I1: SFU1 | J1: SFU2 | K1: SFU3 | L1: SFU4 | M1: SFU5 | N1: SFU6 | O1: SFU7 | P1: SFU8 | Q1: SFU9 | R1: SFU10 | S1: SFU11 | T1: SFU12 | U1: LFU1 | V1: LFU2 | W1: LFU3 | X1: LFU4 | Y1: LFU5 | Z1: LFU6 | AA1: LFUC | AB1: WS | AC1: EOS1 | AD1: SUR | AE1: GF | AF1: UNSCH | AG1: EOS2
A2: SC
A3: SV | Y3: X
A4: UNSCH
A5: DS1_IC
A6: DM
A7: MH
A8: CM1
A9: PR2
A10: SU
A11: PR1
A12: HEI
A13: WEI
A14: CV1
A15: CV2
... A93: FU
A94: NEXTYN | Y94: X
A95: DS2_SCR
A96: DS3_WS
A97: DS4_EOS
A98: MH1
A99: MH2
A100: CP1
A101: CP17
A102: CP2
A103: CP3
A104: CP4

Sheet Matrix18#LFU6
A1: Matrix: LFU6 | B1: Subject | C1: SCR | D1: COL1 | E1: COL2 | F1: BASE | G1: EC1 | H1: EC2 | I1: SFU1 | J1: SFU2 | K1: SFU3 | L1: SFU4 | M1: SFU5 | N1: SFU6 | O1: SFU7 | P1: SFU8 | Q1: SFU9 | R1: SFU10 | S1: SFU11 | T1: SFU12 | U1: LFU1 | V1: LFU2 | W1: LFU3 | X1: LFU4 | Y1: LFU5 | Z1: LFU6 | AA1: LFUC | AB1: WS | AC1: EOS1 | AD1: SUR | AE1: GF | AF1: UNSCH | AG1: EOS2
A2: SC
A3: SV | Z3: X
A4: UNSCH
A5: DS1_IC
A6: DM
A7: MH
A8: CM1
A9: PR2
A10: SU
A11: PR1
A12: HEI
A13: WEI
A14: CV1
A15: CV2
... A93: FU
A94: NEXTYN | Z94: X
A95: DS2_SCR
A96: DS3_WS
A97: DS4_EOS
A98: MH1
A99: MH2
A100: CP1
A101: CP17
A102: CP2
A103: CP3
A104: CP4

Sheet Matrix19#LFUC
A1: Matrix: LFUC | B1: Subject | C1: SCR | D1: COL1 | E1: COL2 | F1: BASE | G1: EC1 | H1: EC2 | I1: SFU1 | J1: SFU2 | K1: SFU3 | L1: SFU4 | M1: SFU5 | N1: SFU6 | O1: SFU7 | P1: SFU8 | Q1: SFU9 | R1: SFU10 | S1: SFU11 | T1: SFU12 | U1: LFU1 | V1: LFU2 | W1: LFU3 | X1: LFU4 | Y1: LFU5 | Z1: LFU6 | AA1: LFUC | AB1: WS | AC1: EOS1 | AD1: SUR | AE1: GF | AF1: UNSCH | AG1: EOS2
A2: SC
A3: SV | AA3: X
A4: UNSCH
A5: DS1_IC
A6: DM
A7: MH
A8: CM1
A9: PR2
A10: SU
A11: PR1
A12: HEI
A13: WEI
A14: CV1
A15: CV2
... A93: FU
A94: NEXTYN | AA94: X
A95: DS2_SCR
A96: DS3_WS
A97: DS4_EOS
A98: MH1
A99: MH2
A100: CP1
A101: CP17
A102: CP2
A103: CP3
A104: CP4

Sheet Matrix20#SFU1
A1: Matrix: SFU1 | B1: Subject | C1: SCR | D1: COL1 | E1: COL2 | F1: BASE | G1: EC1 | H1: EC2 | I1: SFU1 | J1: SFU2 | K1: SFU3 | L1: SFU4 | M1: SFU5 | N1: SFU6 | O1: SFU7 | P1: SFU8 | Q1: SFU9 | R1: SFU10 | S1: SFU11 | T1: SFU12 | U1: LFU1 | V1: LFU2 | W1: LFU3 | X1: LFU4 | Y1: LFU5 | Z1: LFU6 | AA1: LFUC | AB1: WS | AC1: EOS1 | AD1: SUR | AE1: GF | AF1: UNSCH | AG1: EOS2
A2: SC
A3: SV | I3: X
A4: UNSCH
A5: DS1_IC
A6: DM
A7: MH
A8: CM1
A9: PR2
A10: SU
A11: PR1
A12: HEI
A13: WEI
A14: CV1
A15: CV2
... A92: DD
A93: FU | AD93: X
A94: NEXTYN | I94: X
A95: DS2_SCR
A96: DS3_WS
A97: DS4_EOS
A98: MH1
A99: MH2
A100: CP1
A101: CP17
A102: CP2
A103: CP3
A104: CP4

Sheet Matrix21#SFU10
A1: Matrix: SFU10 | B1: Subject | C1: SCR | D1: COL1 | E1: COL2 | F1: BASE | G1: EC1 | H1: EC2 | I1: SFU1 | J1: SFU2 | K1: SFU3 | L1: SFU4 | M1: SFU5 | N1: SFU6 | O1: SFU7 | P1: SFU8 | Q1: SFU9 | R1: SFU10 | S1: SFU11 | T1: SFU12 | U1: LFU1 | V1: LFU2 | W1: LFU3 | X1: LFU4 | Y1: LFU5 | Z1: LFU6 | AA1: LFUC | AB1: WS | AC1: EOS1 | AD1: SUR | AE1: GF | AF1: UNSCH | AG1: EOS2
A2: SC
A3: SV | R3: X
A4: UNSCH
A5: DS1_IC
A6: DM
A7: MH
A8: CM1
A9: PR2
A10: SU
A11: PR1
A12: HEI
A13: WEI
A14: CV1
A15: CV2
... A93: FU
A94: NEXTYN | R94: X
A95: DS2_SCR
A96: DS3_WS
A97: DS4_EOS
A98: MH1
A99: MH2
A100: CP1
A101: CP17
A102: CP2
A103: CP3
A104: CP4

Sheet Matrix22#SFU11
A1: Matrix: SFU11 | B1: Subject | C1: SCR | D1: COL1 | E1: COL2 | F1: BASE | G1: EC1 | H1: EC2 | I1: SFU1 | J1: SFU2 | K1: SFU3 | L1: SFU4 | M1: SFU5 | N1: SFU6 | O1: SFU7 | P1: SFU8 | Q1: SFU9 | R1: SFU10 | S1: SFU11 | T1: SFU12 | U1: LFU1 | V1: LFU2 | W1: LFU3 | X1: LFU4 | Y1: LFU5 | Z1: LFU6 | AA1: LFUC | AB1: WS | AC1: EOS1 | AD1: SUR | AE1: GF | AF1: UNSCH | AG1: EOS2
A2: SC
A3: SV | S3: X
A4: UNSCH
A5: DS1_IC
A6: DM
A7: MH
A8: CM1
A9: PR2
A10: SU
A11: PR1
A12: HEI
A13: WEI
A14: CV1
A15: CV2
... A93: FU
A94: NEXTYN | S94: X
A95: DS2_SCR
A96: DS3_WS
A97: DS4_EOS
A98: MH1
A99: MH2
A100: CP1
A101: CP17
A102: CP2
A103: CP3
A104: CP4

Sheet Matrix23#SFU12
A1: Matrix: SFU12 | B1: Subject | C1: SCR | D1: COL1 | E1: COL2 | F1: BASE | G1: EC1 | H1: EC2 | I1: SFU1 | J1: SFU2 | K1: SFU3 | L1: SFU4 | M1: SFU5 | N1: SFU6 | O1: SFU7 | P1: SFU8 | Q1: SFU9 | R1: SFU10 | S1: SFU11 | T1: SFU12 | U1: LFU1 | V1: LFU2 | W1: LFU3 | X1: LFU4 | Y1: LFU5 | Z1: LFU6 | AA1: LFUC | AB1: WS | AC1: EOS1 | AD1: SUR | AE1: GF | AF1: UNSCH | AG1: EOS2
A2: SC
A3: SV | T3: X
A4: UNSCH
A5: DS1_IC
A6: DM
A7: MH
A8: CM1
A9: PR2
A10: SU
A11: PR1
A12: HEI
A13: WEI
A14: CV1
A15: CV2
... A93: FU
A94: NEXTYN | T94: X
A95: DS2_SCR
A96: DS3_WS
A97: DS4_EOS
A98: MH1
A99: MH2
A100: CP1
A101: CP17
A102: CP2
A103: CP3
A104: CP4

Sheet Matrix24#SFU2
A1: Matrix: SFU2 | B1: Subject | C1: SCR | D1: COL1 | E1: COL2 | F1: BASE | G1: EC1 | H1: EC2 | I1: SFU1 | J1: SFU2 | K1: SFU3 | L1: SFU4 | M1: SFU5 | N1: SFU6 | O1: SFU7 | P1: SFU8 | Q1: SFU9 | R1: SFU10 | S1: SFU11 | T1: SFU12 | U1: LFU1 | V1: LFU2 | W1: LFU3 | X1: LFU4 | Y1: LFU5 | Z1: LFU6 | AA1: LFUC | AB1: WS | AC1: EOS1 | AD1: SUR | AE1: GF | AF1: UNSCH | AG1: EOS2
A2: SC
A3: SV | J3: X
A4: UNSCH
A5: DS1_IC
A6: DM
A7: MH
A8: CM1
A9: PR2
A10: SU
A11: PR1
A12: HEI
A13: WEI
A14: CV1
A15: CV2
... A93: FU
A94: NEXTYN | J94: X
A95: DS2_SCR
A96: DS3_WS
A97: DS4_EOS
A98: MH1
A99: MH2
A100: CP1
A101: CP17
A102: CP2
A103: CP3
A104: CP4

Sheet Matrix25#SFU3
A1: Matrix: SFU3 | B1: Subject | C1: SCR | D1: COL1 | E1: COL2 | F1: BASE | G1: EC1 | H1: EC2 | I1: SFU1 | J1: SFU2 | K1: SFU3 | L1: SFU4 | M1: SFU5 | N1: SFU6 | O1: SFU7 | P1: SFU8 | Q1: SFU9 | R1: SFU10 | S1: SFU11 | T1: SFU12 | U1: LFU1 | V1: LFU2 | W1: LFU3 | X1: LFU4 | Y1: LFU5 | Z1: LFU6 | AA1: LFUC | AB1: WS | AC1: EOS1 | AD1: SUR | AE1: GF | AF1: UNSCH | AG1: EOS2
A2: SC
A3: SV | K3: X
A4: UNSCH
A5: DS1_IC
A6: DM
A7: MH
A8: CM1
A9: PR2
A10: SU
A11: PR1
A12: HEI
A13: WEI
A14: CV1
A15: CV2
... A93: FU
A94: NEXTYN | K94: X
A95: DS2_SCR
A96: DS3_WS
A97: DS4_EOS
A98: MH1
A99: MH2
A100: CP1
A101: CP17
A102: CP2
A103: CP3
A104: CP4

Sheet Matrix26#SFU4
A1: Matrix: SFU4 | B1: Subject | C1: SCR | D1: COL1 | E1: COL2 | F1: BASE | G1: EC1 | H1: EC2 | I1: SFU1 | J1: SFU2 | K1: SFU3 | L1: SFU4 | M1: SFU5 | N1: SFU6 | O1: SFU7 | P1: SFU8 | Q1: SFU9 | R1: SFU10 | S1: SFU11 | T1: SFU12 | U1: LFU1 | V1: LFU2 | W1: LFU3 | X1: LFU4 | Y1: LFU5 | Z1: LFU6 | AA1: LFUC | AB1: WS | AC1: EOS1 | AD1: SUR | AE1: GF | AF1: UNSCH | AG1: EOS2
A2: SC
A3: SV | L3: X
A4: UNSCH
A5: DS1_IC
A6: DM
A7: MH
A8: CM1
A9: PR2
A10: SU
A11: PR1
A12: HEI
A13: WEI
A14: CV1
A15: CV2
... A93: FU
A94: NEXTYN | L94: X
A95: DS2_SCR
A96: DS3_WS
A97: DS4_EOS
A98: MH1
A99: MH2
A100: CP1
A101: CP17
A102: CP2
A103: CP3
A104: CP4

Sheet Matrix27#SFU5
A1: Matrix: SFU5 | B1: Subject | C1: SCR | D1: COL1 | E1: COL2 | F1: BASE | G1: EC1 | H1: EC2 | I1: SFU1 | J1: SFU2 | K1: SFU3 | L1: SFU4 | M1: SFU5 | N1: SFU6 | O1: SFU7 | P1: SFU8 | Q1: SFU9 | R1: SFU10 | S1: SFU11 | T1: SFU12 | U1: LFU1 | V1: LFU2 | W1: LFU3 | X1: LFU4 | Y1: LFU5 | Z1: LFU6 | AA1: LFUC | AB1: WS | AC1: EOS1 | AD1: SUR | AE1: GF | AF1: UNSCH | AG1: EOS2
A2: SC
A3: SV | M3: X
A4: UNSCH
A5: DS1_IC
A6: DM
A7: MH
A8: CM1
A9: PR2
A10: SU
A11: PR1
A12: HEI
A13: WEI
A14: CV1
A15: CV2
... A93: FU
A94: NEXTYN | M94: X
A95: DS2_SCR
A96: DS3_WS
A97: DS4_EOS
A98: MH1
A99: MH2
A100: CP1
A101: CP17
A102: CP2
A103: CP3
A104: CP4

Sheet Matrix28#SFU6
A1: Matrix: SFU6 | B1: Subject | C1: SCR | D1: COL1 | E1: COL2 | F1: BASE | G1: EC1 | H1: EC2 | I1: SFU1 | J1: SFU2 | K1: SFU3 | L1: SFU4 | M1: SFU5 | N1: SFU6 | O1: SFU7 | P1: SFU8 | Q1: SFU9 | R1: SFU10 | S1: SFU11 | T1: SFU12 | U1: LFU1 | V1: LFU2 | W1: LFU3 | X1: LFU4 | Y1: LFU5 | Z1: LFU6 | AA1: LFUC | AB1: WS | AC1: EOS1 | AD1: SUR | AE1: GF | AF1: UNSCH | AG1: EOS2
A2: SC
A3: SV | N3: X
A4: UNSCH
A5: DS1_IC
A6: DM
A7: MH
A8: CM1
A9: PR2
A10: SU
A11: PR1
A12: HEI
A13: WEI
A14: CV1
A15: CV2
... A93: FU
A94: NEXTYN | N94: X
A95: DS2_SCR
A96: DS3_WS
A97: DS4_EOS
A98: MH1
A99: MH2
A100: CP1
A101: CP17
A102: CP2
A103: CP3
A104: CP4

Sheet Matrix29#SFU7
A1: Matrix: SFU7 | B1: Subject | C1: SCR | D1: COL1 | E1: COL2 | F1: BASE | G1: EC1 | H1: EC2 | I1: SFU1 | J1: SFU2 | K1: SFU3 | L1: SFU4 | M1: SFU5 | N1: SFU6 | O1: SFU7 | P1: SFU8 | Q1: SFU9 | R1: SFU10 | S1: SFU11 | T1: SFU12 | U1: LFU1 | V1: LFU2 | W1: LFU3 | X1: LFU4 | Y1: LFU5 | Z1: LFU6 | AA1: LFUC | AB1: WS | AC1: EOS1 | AD1: SUR | AE1: GF | AF1: UNSCH | AG1: EOS2
A2: SC
A3: SV | O3: X
A4: UNSCH
A5: DS1_IC
A6: DM
A7: MH
A8: CM1
A9: PR2
A10: SU
A11: PR1
A12: HEI
A13: WEI
A14: CV1
A15: CV2
... A93: FU
A94: NEXTYN | O94: X
A95: DS2_SCR
A96: DS3_WS
A97: DS4_EOS
A98: MH1
A99: MH2
A100: CP1
A101: CP17
A102: CP2
A103: CP3
A104: CP4

Sheet Matrix30#SFU8
A1: Matrix: SFU8 | B1: Subject | C1: SCR | D1: COL1 | E1: COL2 | F1: BASE | G1: EC1 | H1: EC2 | I1: SFU1 | J1: SFU2 | K1: SFU3 | L1: SFU4 | M1: SFU5 | N1: SFU6 | O1: SFU7 | P1: SFU8 | Q1: SFU9 | R1: SFU10 | S1: SFU11 | T1: SFU12 | U1: LFU1 | V1: LFU2 | W1: LFU3 | X1: LFU4 | Y1: LFU5 | Z1: LFU6 | AA1: LFUC | AB1: WS | AC1: EOS1 | AD1: SUR | AE1: GF | AF1: UNSCH | AG1: EOS2
A2: SC
A3: SV | P3: X
A4: UNSCH
A5: DS1_IC
A6: DM
A7: MH
A8: CM1
A9: PR2
A10: SU
A11: PR1
A12: HEI
A13: WEI
A14: CV1
A15: CV2
... A93: FU
A94: NEXTYN | P94: X
A95: DS2_SCR
A96: DS3_WS
A97: DS4_EOS
A98: MH1
A99: MH2
A100: CP1
A101: CP17
A102: CP2
A103: CP3
A104: CP4

Sheet Matrix31#SFU9
A1: Matrix: SFU9 | B1: Subject | C1: SCR | D1: COL1 | E1: COL2 | F1: BASE | G1: EC1 | H1: EC2 | I1: SFU1 | J1: SFU2 | K1: SFU3 | L1: SFU4 | M1: SFU5 | N1: SFU6 | O1: SFU7 | P1: SFU8 | Q1: SFU9 | R1: SFU10 | S1: SFU11 | T1: SFU12 | U1: LFU1 | V1: LFU2 | W1: LFU3 | X1: LFU4 | Y1: LFU5 | Z1: LFU6 | AA1: LFUC | AB1: WS | AC1: EOS1 | AD1: SUR | AE1: GF | AF1: UNSCH | AG1: EOS2
A2: SC
A3: SV | Q3: X
A4: UNSCH
A5: DS1_IC
A6: DM
A7: MH
A8: CM1
A9: PR2
A10: SU
A11: PR1
A12: HEI
A13: WEI
A14: CV1
A15: CV2
... A93: FU
A94: NEXTYN | Q94: X
A95: DS2_SCR
A96: DS3_WS
A97: DS4_EOS
A98: MH1
A99: MH2
A100: CP1
A101: CP17
A102: CP2
A103: CP3
A104: CP4

Sheet Matrix32#UNIQUE
A1: Matrix: UNIQUE | B1: Subject | C1: SCR | D1: COL1 | E1: COL2 | F1: BASE | G1: EC1 | H1: EC2 | I1: SFU1 | J1: SFU2 | K1: SFU3 | L1: SFU4 | M1: SFU5 | N1: SFU6 | O1: SFU7 | P1: SFU8 | Q1: SFU9 | R1: SFU10 | S1: SFU11 | T1: SFU12 | U1: LFU1 | V1: LFU2 | W1: LFU3 | X1: LFU4 | Y1: LFU5 | Z1: LFU6 | AA1: LFUC | AB1: WS | AC1: EOS1 | AD1: SUR | AE1: GF | AF1: UNSCH | AG1: EOS2
A2: SC | B2: X
A3: SV | B3: X
A4: UNSCH | B4: X
A5: DS1_IC | B5: X
A6: DM | B6: X
A7: MH | B7: X
A8: CM1 | B8: X
A9: PR2 | B9: X
A10: SU | B10: X
A11: PR1 | B11: X
A12: HEI | B12: X
A13: WEI | B13: X
... A97: DS4_EOS | B97: X
A98: MH1
A99: MH2
A100: CP1
A101: CP17
A102: CP2
A103: CP3
A104: CP4

Sheet Matrix33#UNSCH
A1: Matrix: UNSCH | B1: Subject | C1: SCR | D1: COL1 | E1: COL2 | F1: BASE | G1: EC1 | H1: EC2 | I1: SFU1 | J1: SFU2 | K1: SFU3 | L1: SFU4 | M1: SFU5 | N1: SFU6 | O1: SFU7 | P1: SFU8 | Q1: SFU9 | R1: SFU10 | S1: SFU11 | T1: SFU12 | U1: LFU1 | V1: LFU2 | W1: LFU3 | X1: LFU4 | Y1: LFU5 | Z1: LFU6 | AA1: LFUC | AB1: WS | AC1: EOS1 | AD1: SUR | AE1: GF | AF1: UNSCH | AG1: EOS2
A2: SC
A3: SV | AF3: X
A4: UNSCH | AF4: X
A5: DS1_IC
A6: DM
A7: MH
A8: CM1
A9: PR2
A10: SU
A11: PR1
A12: HEI
A13: WEI
A14: CV1
A15: CV2
A16: CV4
... A104: CP4

Sheet Derivations
A1: DerivationName | B1: Active | C1: FolderOID | D1: FormOID | E1: FieldOID | F1: VariableOID | G1: RecordPosition | H1: AllVariablesInFolders | I1: AllVariablesInFields | J1: FormRepeatNumber | K1: FolderRepeatNumber | L1: BypassDuringMigration | M1: CopySource | N1: NeedsRetesting | O1: RetestingReason | P1: DownloadedFromObjectId | Q1: SourceObjectId | R1: SourceUrlId
A2: Derive_CURRTIM | B2: TRUE | F2: CURRTIM | G2: 0 | H2: FALSE | I2: FALSE | L2: TRUE | N2: FALSE | P2: 953 | Q2: 0
A3: Derive_SUBJID | B3: TRUE | D3: SC | E3: SUBJID | F3: SUBJID | G3: 0 | H3: FALSE | I3: FALSE | L3: TRUE | N3: FALSE | P3: 954 | Q3: 0

Sheet DerivationSteps
A1: DerivationName | B1: StepOrdinal | C1: DataFormat | D1: VariableOID | E1: StepValue | F1: StepFunction | G1: FolderOID | H1: FormOID | I1: FieldOID | J1: CustomFunction | K1: RecordPosition | L1: LogicalRecordPosition | M1: Scope | N1: OrderBy | O1: FormRepeatNumber | P1: FolderRepeatNumber
A2: Derive_CURRTIM | B2: 2 | F2: Now
A3: Derive_SUBJID | B3: 2 | C3: $3 | E3: E13
A4: Derive_SUBJID | B4: 4 | C4: UserValue | D4: SITENUM | H4: SC | I4: SITENUM | K4: 0
A5: Derive_SUBJID | B5: 6 | F5: StringAdd
A6: Derive_SUBJID | B6: 8 | C6: UserValue | D6: SUBJNUM | H6: SC | I6: SUBJNUM | K6: 0
A7: Derive_SUBJID | B7: 10 | F7: StringAdd

Sheet LabVariableMappings
A1: GlobalVariableOID | B1: FormOID | C1: FieldOID | D1: FolderOID | E1: LocationMethod
A2: SEX | B2: DM | C2: SEX | D2: SCR | E2: EarliestDate
A3: AGE | B3: LB1_HEM | C3: LBAGE | E3: OnLabPage

Sheet EmailAlerts
A1: UniqueId | B1: EmailAlertType | C1: EffectiveDate | D1: DaysToTrigger | E1: Locale | F1: SubjectString | G1: BodyString | H1: ToEmailString | I1: CCEmailString | J1: BCCEmailString

Sheet CoderConfiguration
A1: FormOID | B1: FieldOID | C1: CodingLevel | D1: Priority | E1: Locale | F1: IsApprovalRequired | G1: IsAutoApproval
A2: AE | B2: AETERM | C2: LLT | D2: 1 | E2: eng | F2: False | G2: True
A3: CM | B3: CMTRT | C3: PRODUCT | D3: 2 | E3: eng | F3: False | G3: True
A4: CM1 | B4: CM1TRT | C4: PRODUCT | D4: 2 | E4: eng | F4: False | G4: True
A5: MH | B5: MHTERM | C5: LLT | D5: 1 | E5: eng | F5: False | G5: True
A6: PR | B6: PRTRT | C6: LLT | D6: 1 | E6: eng | F6: False | G6: True
A7: PR1 | B7: PR1TRT | C7: LLT | D7: 1 | E7: eng | F7: False | G7: True
A8: PR2 | B8: PR2TRT | C8: LLT | D8: 1 | E8: eng | F8: False | G8: True

Sheet CoderSupplementalTerms
A1: FormOID | B1: FieldOID | C1: SupplementalTerm
A2: CM | B2: CMTRT | C2: CMINDC1
A3: CM | B3: CMTRT | C3: CMINDC2
A4: CM | B4: CMTRT | C4: CMINDC3
A5: CM | B5: CMTRT | C5: CMINDC4
A6: CM | B6: CMTRT | C6: CMINDCO
A7: CM | B7: CMTRT | C7: CMAENO1
A8: CM | B8: CMTRT | C8: CMAENO2
A9: CM | B9: CMTRT | C9: CMAENO3
A10: CM | B10: CMTRT | C10: CMAENO4
A11: CM | B11: CMTRT | C11: CMAENO5
A12: CM | B12: CMTRT | C12: CMMHNO1
... A23: CM1 | B23: CM1TRT | C23: CM1ROUTO

Sheet CoderComponentTerms
A1: FormOID | B1: FieldOID | C1: ComponentTerm | D1: ComponentName

Sheet Integrations
A1: FormOID | B1: FieldOID | C1: Integration | D1: Configuration | E1: Value
A2: IntegrationServiceActiveButNoAccess
